clase;nivel;guid;nombre;vol;cara;qto_vol
IfcBeam;(sin nivel);1QghEwSoPF9xBA9fUBsdJw;"Glulam-Pino del sur:1"" x 1"":682068";0,007376;0,580796;0,007376
IfcBeam;(sin nivel);1QghEwSoPF9xBA9fUBsdJy;"Glulam-Pino del sur:1"" x 1"":682066";0,007376;0,580796;0,007376
IfcBeam;(sin nivel);1QghEwSoPF9xBA9fUBsdJX;"Glulam-Pino del sur:1"" x 1"":682063";0,007376;0,580796;0,007376
IfcBeam;(sin nivel);1QghEwSoPF9xBA9fUBsdJ$;"Glulam-Pino del sur:1"" x 1"":682065";0,007376;0,580796;0,007376
IfcBeam;(sin nivel);1QghEwSoPF9xBA9fUBsdJZ;"Glulam-Pino del sur:1"" x 1"":682061";0,007376;0,580796;0,007376
IfcBeam;(sin nivel);1QghEwSoPF9xBA9fUBsdJW;"Glulam-Pino del sur:1"" x 1"":682062";0,007376;0,580796;0,007376
IfcBeam;(sin nivel);1QghEwSoPF9xBA9fUBsdJ_;"Glulam-Pino del sur:1"" x 1"":682064";0,007376;0,580796;0,007376
IfcBeam;(sin nivel);1QghEwSoPF9xBA9fUBsdJz;"Glulam-Pino del sur:1"" x 1"":682067";0,007376;0,580796;0,007376
IfcBeam;(sin nivel);1QghEwSoPF9xBA9fUBsdJf;"Glulam-Pino del sur:1"" x 1"":682055";0,007376;0,580796;0,007376
IfcBeam;(sin nivel);1QghEwSoPF9xBA9fUBsdJc;"Glulam-Pino del sur:1"" x 1"":682056";0,007376;0,580796;0,007376
IfcBeam;(sin nivel);1QghEwSoPF9xBA9fUBsdJd;"Glulam-Pino del sur:1"" x 1"":682057";0,007376;0,580796;0,007376
IfcBeam;(sin nivel);1QghEwSoPF9xBA9fUBsdJY;"Glulam-Pino del sur:1"" x 1"":682060";0,007376;0,580796;0,007376
IfcBeam;(sin nivel);1QghEwSoPF9xBA9fUBsdJa;"Glulam-Pino del sur:1"" x 1"":682058";0,007376;0,580796;0,007376
IfcBeam;(sin nivel);1QghEwSoPF9xBA9fUBsdJb;"Glulam-Pino del sur:1"" x 1"":682059";0,007376;0,580796;0,007376
IfcBeam;(sin nivel);1QghEwSoPF9xBA9fUBsdHo;"Glulam-Pino del sur:1"" x 1"":682204";0,004000;0,314960;0,004000
IfcBeam;(sin nivel);1QghEwSoPF9xBA9fUBsdHq;"Glulam-Pino del sur:1"" x 1"":682202";0,004000;0,314960;0,004000
IfcBeam;(sin nivel);1QghEwSoPF9xBA9fUBsdHt;"Glulam-Pino del sur:1"" x 1"":682201";0,004000;0,314960;0,004000
IfcBeam;(sin nivel);1QghEwSoPF9xBA9fUBsdHp;"Glulam-Pino del sur:1"" x 1"":682205";0,004000;0,314960;0,004000
IfcBeam;(sin nivel);1QghEwSoPF9xBA9fUBsdHm;"Glulam-Pino del sur:1"" x 1"":682206";0,004000;0,314960;0,004000
IfcBeam;(sin nivel);1QghEwSoPF9xBA9fUBsdHn;"Glulam-Pino del sur:1"" x 1"":682207";0,004000;0,314960;0,004000
IfcBeam;(sin nivel);1QghEwSoPF9xBA9fUBsdHr;"Glulam-Pino del sur:1"" x 1"":682203";0,004000;0,314960;0,004000
IfcBeam;(sin nivel);1QghEwSoPF9xBA9fUBsdHD;"Glulam-Pino del sur:1"" x 1"":682211";0,004000;0,314960;0,004000
IfcBeam;(sin nivel);1QghEwSoPF9xBA9fUBsdHC;"Glulam-Pino del sur:1"" x 1"":682210";0,004000;0,314960;0,004000
IfcBeam;(sin nivel);1QghEwSoPF9xBA9fUBsdHB;"Glulam-Pino del sur:1"" x 1"":682213";0,004000;0,314960;0,004000
IfcBeam;(sin nivel);1QghEwSoPF9xBA9fUBsdHE;"Glulam-Pino del sur:1"" x 1"":682208";0,004000;0,314960;0,004000
IfcBeam;(sin nivel);1QghEwSoPF9xBA9fUBsdHF;"Glulam-Pino del sur:1"" x 1"":682209";0,004000;0,314960;0,004000
IfcBeam;(sin nivel);1QghEwSoPF9xBA9fUBsdHA;"Glulam-Pino del sur:1"" x 1"":682212";0,004000;0,314960;0,004000
IfcBeam;(sin nivel);1QghEwSoPF9xBA9fUBsdH8;"Glulam-Pino del sur:1"" x 1"":682214";0,004000;0,314960;0,004000
IfcBeam;(sin nivel);1QghEwSoPF9xBA9fUBsdJe;"Glulam-Pino del sur:1"" x 1"":682054";0,003376;0,265836;0,003376
IfcBeam;Altura Bastidor Oeste;2CHu75xVrEVftyAxtBTxEk;Glulam-Pino del sur:1016 x 508 BIs:830998;0,007881;0,155128;0,007881
IfcBeam;Altura Bastidor Oeste;2CHu75xVrEVftyAxtBTxQw;Glulam-Pino del sur:1016 x 508:830210;0,007787;0,153288;0,007787
IfcBeam;Altura Bastidor Oeste;2CHu75xVrEVftyAxtBTxjp;Glulam-Pino del sur:1016 x 508:829131;0,007786;0,153258;0,007786
IfcBeam;Altura Bastidor Oeste;2CHu75xVrEVftyAxtBTxwS;Glulam-Pino del sur:1016 x 508 BIs:828196;0,007785;0,153252;0,007785
IfcBeam;Altura Bastidor Oeste;2CHu75xVrEVftyAxtBTx6S;Glulam-Pino del sur:508 x  762:830500;0,005907;0,116289;0,005907
IfcBeam;Altura Bastidor Oeste;2CHu75xVrEVftyAxtBTx27;Glulam-Pino del sur:508 x  762:830783;0,005839;0,114938;0,005839
IfcBeam;Altura Bastidor Oeste;2CHu75xVrEVftyAxtBTu88;Glulam-Pino del sur:1016 x 508 BIs:827312;0,004900;0,096454;0,004900
IfcBeam;Altura Bastidor Oeste;2CHu75xVrEVftyAxtBTu2J;Glulam-Pino del sur:1016 x 508 BIs:826667;0,004322;0,085070;0,004322
IfcBeam;Altura Bastidor Oeste;2CHu75xVrEVftyAxtBTuFR;Glulam-Pino del sur:1016 x 508 BIs:826979;0,004322;0,085070;0,004322
IfcBeam;Altura de cumbrera;0OsMaOWjP8NBbkY$pluMMx;"Glulam-Pino del sur:3""x8"":182782";0,088704;1,164095;0,088704
IfcBeam;Altura de cumbrera;2bX0VERnfEG9_qoe0EtRtk;"Glulam-Pino del sur:3""x8"":621677";0,052032;0,682833;0,052032
IfcBeam;Altura de cumbrera;27PH5$VWf25ezVcOU2RmtW;Glulam-Pino del sur:508 x  1016:560308;0,026859;0,528726;0,026859
IfcBeam;Altura de cumbrera;27PH5$VWf25ezVcOU2RmIC;Glulam-Pino del sur:508 x  1016:558552;0,022266;0,438302;0,022266
IfcBeam;Altura de cumbrera;2blSFVklTC5hPBE2d7jC55;Glulam-Pino del sur:1016 x 508:587518;0,021853;0,430174;0,021853
IfcBeam;Altura de cumbrera;2blSFVklTC5hPBE2d7jCJP;Glulam-Pino del sur:1016 x 508:586594;0,021574;0,424688;0,021574
IfcBeam;Altura de cumbrera;27PH5$VWf25ezVcOU2R$ug;Glulam-Pino del sur:508 x  1016:556926;0,020119;0,396037;0,020119
IfcBeam;Altura de cumbrera;27PH5$VWf25ezVcOU2RmTl;Glulam-Pino del sur:508 x  762:558651;0,016772;0,330150;0,016772
IfcBeam;Altura de cumbrera;2blSFVklTC5hPBE2d7jC4r;Glulam-Pino del sur:508 x  762:587406;0,016438;0,323591;0,016438
IfcBeam;Altura de cumbrera;2blSFVklTC5hPBE2d7jCN0;Glulam-Pino del sur:508 x  762:586363;0,016103;0,316992;0,016103
IfcBeam;Altura de cumbrera;27PH5$VWf25ezVcOU2R$u1;Glulam-Pino del sur:508 x  762:556885;0,015494;0,305004;0,015494
IfcBeam;Altura de cumbrera;2bX0VERnfEG9_qoe0EtKKO;Glulam-Pino del sur:508 x  762:623771;0,012698;0,249966;0,012698
IfcBeam;Altura de cumbrera;27PH5$VWf25ezVcOU2RmsM;Glulam-Pino del sur:508 x  762:560322;0,007092;0,139614;0,007092
IfcBeam;Altura de viga inferior;2vTlNdHrH2jOmEGCEVakmI;Glulam-Pino del sur:508 x  1016:775868;0,053851;1,060054;0,053851
IfcBeam;Altura de viga inferior;2bX0VERnfEG9_qoe0EtRrL;"Glulam-Pino del sur:3""x8"":621782";0,046582;0,611307;0,046582
IfcBeam;Altura de viga inferior;2bX0VERnfEG9_qoe0EtRrP;"Glulam-Pino del sur:3""x8"":621786";0,046520;0,610494;0,046520
IfcBeam;Altura de viga inferior;2bX0VERnfEG9_qoe0EtKkm;"Glulam-Pino del sur:2""X6"":625203";0,045012;0,886054;0,045012
IfcBeam;Altura de viga inferior;2bX0VERnfEG9_qoe0EtKlN;"Glulam-Pino del sur:2""X6"":625236";0,045012;0,886054;0,045012
IfcBeam;Altura de viga inferior;2bX0VERnfEG9_qoe0EtKlS;"Glulam-Pino del sur:2""X6"":625247";0,045012;0,886054;0,045012
IfcBeam;Altura de viga inferior;2bX0VERnfEG9_qoe0EtKi3;"Glulam-Pino del sur:2""X6"":625280";0,045012;0,886054;0,045012
IfcBeam;Altura de viga inferior;2bX0VERnfEG9_qoe0EtKlf;"Glulam-Pino del sur:2""X6"":625258";0,045012;0,886054;0,045012
IfcBeam;Altura de viga inferior;2bX0VERnfEG9_qoe0EtKlA;"Glulam-Pino del sur:2""X6"":625225";0,045012;0,886054;0,045012
IfcBeam;Altura de viga inferior;2bX0VERnfEG9_qoe0EtKiY;"Glulam-Pino del sur:2""X6"":625313";0,045012;0,886054;0,045012
IfcBeam;Altura de viga inferior;2bX0VERnfEG9_qoe0EtKls;"Glulam-Pino del sur:2""X6"":625269";0,045012;0,886054;0,045012
IfcBeam;Altura de viga inferior;2bX0VERnfEG9_qoe0EtKiL;"Glulam-Pino del sur:2""X6"":625302";0,045012;0,886054;0,045012
IfcBeam;Altura de viga inferior;2bX0VERnfEG9_qoe0EtKi8;"Glulam-Pino del sur:2""X6"":625291";0,045012;0,886054;0,045012
IfcBeam;Altura de viga inferior;2bX0VERnfEG9_qoe0EtKkz;"Glulam-Pino del sur:2""X6"":625214";0,045012;0,886054;0,045012
IfcBeam;Altura de viga inferior;2bX0VERnfEG9_qoe0EtKka;"Glulam-Pino del sur:2""X6"":625191";0,045011;0,886035;0,045011
IfcBeam;Altura de viga inferior;2bX0VERnfEG9_qoe0EtKgb;"Glulam-Pino del sur:2""X6"":625446";0,040580;0,798827;0,040580
IfcBeam;Altura de viga inferior;2bX0VERnfEG9_qoe0EtKgJ;"Glulam-Pino del sur:2""X6"":625424";0,040580;0,798827;0,040580
IfcBeam;Altura de viga inferior;2bX0VERnfEG9_qoe0EtKgO;"Glulam-Pino del sur:2""X6"":625435";0,040580;0,798827;0,040580
IfcBeam;Altura de viga inferior;2bX0VERnfEG9_qoe0EtKg6;"Glulam-Pino del sur:2""X6"":625413";0,040580;0,798827;0,040580
IfcBeam;Altura de viga inferior;2bX0VERnfEG9_qoe0EtKjQ;"Glulam-Pino del sur:2""X6"":625369";0,040580;0,798827;0,040580
IfcBeam;Altura de viga inferior;2bX0VERnfEG9_qoe0EtKjd;"Glulam-Pino del sur:2""X6"":625380";0,040580;0,798827;0,040580
IfcBeam;Altura de viga inferior;2bX0VERnfEG9_qoe0EtKjv;"Glulam-Pino del sur:2""X6"":625402";0,040580;0,798827;0,040580
IfcBeam;Altura de viga inferior;2bX0VERnfEG9_qoe0EtKj0;"Glulam-Pino del sur:2""X6"":625347";0,040580;0,798827;0,040580
IfcBeam;Altura de viga inferior;2bX0VERnfEG9_qoe0EtKji;"Glulam-Pino del sur:2""X6"":625391";0,040580;0,798827;0,040580
IfcBeam;Altura de viga inferior;2bX0VERnfEG9_qoe0EtKil;"Glulam-Pino del sur:2""X6"":625324";0,040580;0,798827;0,040580
IfcBeam;Altura de viga inferior;2bX0VERnfEG9_qoe0EtKjD;"Glulam-Pino del sur:2""X6"":625358";0,040580;0,798827;0,040580
IfcBeam;Altura de viga inferior;2bX0VERnfEG9_qoe0EtKix;"Glulam-Pino del sur:2""X6"":625336";0,040580;0,798827;0,040580
IfcBeam;Altura de viga inferior;2bX0VERnfEG9_qoe0EtKh4;"Glulam-Pino del sur:2""X6"":625479";0,040578;0,798779;0,040578
IfcBeam;Altura de viga inferior;2bX0VERnfEG9_qoe0EtKgo;"Glulam-Pino del sur:2""X6"":625457";0,040529;0,797808;0,040529
IfcBeam;Altura de viga inferior;2bX0VERnfEG9_qoe0EtKg$;"Glulam-Pino del sur:2""X6"":625468";0,040509;0,797416;0,040509
IfcBeam;Altura de viga inferior;31CVGmJljB$9y9DcxjqwEG;"Glulam-Pino del sur:3""x8"":742089";0,030277;0,397337;0,030277
IfcBeam;Altura de viga inferior;2bX0VERnfEG9_qoe0EtRrG;"Glulam-Pino del sur:3""x8"":621779";0,029433;0,386263;0,029433
IfcBeam;Altura de viga inferior;0Nh3lD4nDDtvccH2aedGPl;Glulam-Pino del sur:508 x  1016:763993;0,026988;0,531266;0,026988
IfcBeam;Altura de viga inferior;0JcdXlDaH1Vf6_H4bYAKvt;Glulam-Pino del sur:508 x  762:770142;0,020934;0,412089;0,020934
IfcBeam;Altura de viga inferior;2vmqESjFX7AQXpwvGj9wh5;Glulam-Pino del sur:508 x  762:751791;0,009022;0,177607;0,009022
IfcBeam;Altura de viga inferior;0JcdXlDaH1Vf6_H4bYAKfb;Glulam-Pino del sur:508 x  762:771148;0,005910;0,116346;0,005910
IfcBeam;Altura de viga inferior;0M74zrrYLEAByWcfgnjRXk;Glulam-Pino del sur:508 x  762:778326;0,005907;0,116289;0,005907
IfcBeam;Altura de viga inferior;2bX0VERnfEG9_qoe0EtK1V;Glulam-Pino del sur:508 x  762:623068;0,005839;0,114939;0,005839
IfcBeam;Altura de viga inferior;0M74zrrYLEAByWcfgnjOBI;Glulam-Pino del sur:508 x  762:776938;0,005839;0,114938;0,005839
IfcBeam;Altura de viga inferior;0M74zrrYLEAByWcfgnjRW8;Glulam-Pino del sur:508 x  762:778288;0,005839;0,114938;0,005839
IfcBeam;Altura de viga inferior;0M74zrrYLEAByWcfgnjOVN;Glulam-Pino del sur:508 x  762:778223;0,005367;0,105651;0,005367
IfcBeam;Altura de viga inferior;2vmqESjFX7AQXpwvGj9rMx;Glulam-Pino del sur:508 x  762:755665;0,003242;0,063814;0,003242
IfcBeam;Altura de viga inferior;2bX0VERnfEG9_qoe0EtKTR;Glulam-Pino del sur:508 x  762:744687;0,003241;0,063802;0,003241
IfcBeam;Altura de viga inferior;1W0XCr7jvBfA1PDbQGuoFf;Glulam-Pino del sur:508 x  762:807372;0,001010;0,019888;0,001010
IfcBeam;Altura de viga inferior;1W0XCr7jvBfA1PDbQGuoEZ;Glulam-Pino del sur:508 x  762:807302;0,001010;0,019888;0,001010
IfcBeam;Altura de viga inferior;1QxNnJv5b1sfWhLo_NL9B5;Glulam-Pino del sur:508 x  762:783177;0,000813;0,016002;0,000813
IfcBeam;Altura de viga inferior;1W0XCr7jvBfA1PDbQGuoEY;Glulam-Pino del sur:508 x  762:807303;0,000813;0,016002;0,000813
IfcBeam;Altura de viga inferior;1W0XCr7jvBfA1PDbQGuoEk;Glulam-Pino del sur:508 x  762:807307;0,000813;0,016002;0,000813
IfcBeam;Altura de viga inferior;2Fx1YQ7bT3HeEfnnO$IQ6$;Glulam-Pino del sur:762 x 508:760919;0,000666;0,013106;0,000666
IfcBeam;Altura de viga inferior;2Fx1YQ7bT3HeEfnnO$IQ6s;Glulam-Pino del sur:762 x 508:760926;0,000666;0,013106;0,000666
IfcBeam;Altura de viga inferior;1QxNnJv5b1sfWhLo_NL9B9;Glulam-Pino del sur:508 x  762:783173;0,000665;0,013099;0,000665
IfcBeam;Altura de viga inferior;1QxNnJv5b1sfWhLo_NL9BE;Glulam-Pino del sur:508 x  762:783170;0,000665;0,013099;0,000665
IfcBeam;Altura de viga inferior;1QxNnJv5b1sfWhLo_NL9BA;Glulam-Pino del sur:508 x  762:783174;0,000665;0,013099;0,000665
IfcBeam;Altura de viga inferior;1QxNnJv5b1sfWhLo_NL9BF;Glulam-Pino del sur:508 x  762:783171;0,000665;0,013099;0,000665
IfcBeam;Altura de viga inferior;1QxNnJv5b1sfWhLo_NL9BD;Glulam-Pino del sur:508 x  762:783169;0,000665;0,013099;0,000665
IfcBeam;Altura de viga inferior;1QxNnJv5b1sfWhLo_NL9BB;Glulam-Pino del sur:508 x  762:783175;0,000665;0,013099;0,000665
IfcBeam;Altura de viga inferior;1QxNnJv5b1sfWhLo_NL9BC;Glulam-Pino del sur:508 x  762:783168;0,000665;0,013099;0,000665
IfcBeam;Altura de viga inferior;1QxNnJv5b1sfWhLo_NL9B4;Glulam-Pino del sur:508 x  762:783176;0,000665;0,013099;0,000665
IfcBeam;Altura de viga inferior;1QxNnJv5b1sfWhLo_NL9B8;Glulam-Pino del sur:508 x  762:783172;0,000665;0,013099;0,000665
IfcBeam;Altura de viga inferior;1QxNnJv5b1sfWhLo_NL9B2;Glulam-Pino del sur:508 x  762:783182;0,000662;0,013034;0,000662
IfcBeam;Altura de viga inferior;1QxNnJv5b1sfWhLo_NL9B3;Glulam-Pino del sur:508 x  762:783183;0,000662;0,013034;0,000662
IfcBeam;Altura de viga inferior;39dc43MqP1A8rbKKP89eZd;Glulam-Pino del sur:762 x 508:823310;0,000662;0,013030;0,000662
IfcBeam;Altura de viga inferior;39dc43MqP1A8rbKKP89ehv;Glulam-Pino del sur:762 x 508:823824;0,000662;0,013030;0,000662
IfcBeam;Altura de viga inferior;39dc43MqP1A8rbKKP89eh1;Glulam-Pino del sur:762 x 508:823848;0,000662;0,013030;0,000662
IfcBeam;Altura de viga inferior;39dc43MqP1A8rbKKP89fVw;Glulam-Pino del sur:762 x 508:823059;0,000662;0,013030;0,000662
IfcBeam;Altura de viga inferior;1A4AnO48H7agfsPolKJFM9;Glulam-Pino del sur:762 x 508:824107;0,000662;0,013030;0,000662
IfcBeam;Altura de viga inferior;39dc43MqP1A8rbKKP89fOU;Glulam-Pino del sur:762 x 508:823031;0,000662;0,013030;0,000662
IfcBeam;Altura de viga inferior;39dc43MqP1A8rbKKP89fUd;Glulam-Pino del sur:762 x 508:823118;0,000662;0,013030;0,000662
IfcBeam;Altura de viga inferior;1W0XCr7jvBfA1PDbQGuoEi;Glulam-Pino del sur:508 x  762:807305;0,000662;0,013030;0,000662
IfcBeam;Altura de viga inferior;1W0XCr7jvBfA1PDbQGuoEl;Glulam-Pino del sur:508 x  762:807306;0,000662;0,013030;0,000662
IfcBeam;Altura de viga inferior;1W0XCr7jvBfA1PDbQGuoEW;Glulam-Pino del sur:508 x  762:807301;0,000662;0,013030;0,000662
IfcBeam;Altura de viga inferior;1QxNnJv5b1sfWhLo_NL9At;Glulam-Pino del sur:508 x  762:783163;0,000662;0,013030;0,000662
IfcBeam;Altura de viga inferior;1QxNnJv5b1sfWhLo_NL9Am;Glulam-Pino del sur:508 x  762:783164;0,000662;0,013030;0,000662
IfcBeam;Altura de viga inferior;1QxNnJv5b1sfWhLo_NL9An;Glulam-Pino del sur:508 x  762:783165;0,000662;0,013030;0,000662
IfcBeam;Altura de viga inferior;1QxNnJv5b1sfWhLo_NL9Ao;Glulam-Pino del sur:508 x  762:783166;0,000662;0,013030;0,000662
IfcBeam;Altura de viga inferior;1QxNnJv5b1sfWhLo_NL9B6;Glulam-Pino del sur:508 x  762:783178;0,000662;0,013030;0,000662
IfcBeam;Altura de viga inferior;1QxNnJv5b1sfWhLo_NL9B7;Glulam-Pino del sur:508 x  762:783179;0,000662;0,013030;0,000662
IfcBeam;Altura de viga inferior;1QxNnJv5b1sfWhLo_NL9B0;Glulam-Pino del sur:508 x  762:783180;0,000662;0,013030;0,000662
IfcBeam;Altura de viga inferior;1QxNnJv5b1sfWhLo_NL9B1;Glulam-Pino del sur:508 x  762:783181;0,000662;0,013030;0,000662
IfcBeam;Altura de viga inferior;1QxNnJv5b1sfWhLo_NL9BS;Glulam-Pino del sur:508 x  762:783184;0,000662;0,013030;0,000662
IfcBeam;Altura de viga inferior;1QxNnJv5b1sfWhLo_NL9Ap;Glulam-Pino del sur:508 x  762:783167;0,000662;0,013030;0,000662
IfcBeam;Correas Piso (PARA LAMINA);2YRDr34xb4EQ_RzF_htfUe;"Glulam-Pino del sur:2"" X 6"":534792";0,067773;1,334110;0,067773
IfcBeam;Correas Piso (PARA LAMINA);2YRDr34xb4EQ_RzF_htfOZ;"Glulam-Pino del sur:2"" X 6"":534659";0,067773;1,334110;0,067773
IfcBeam;Correas Piso (PARA LAMINA);2YRDr34xb4EQ_RzF_htfQg;"Glulam-Pino del sur:2"" X 6"":534538";0,034575;0,680618;0,034575
IfcBeam;Correas Piso (PARA LAMINA);2YRDr34xb4EQ_RzF_htfQ0;"Glulam-Pino del sur:2"" X 6"":534560";0,034575;0,680618;0,034575
IfcBeam;Correas Piso (PARA LAMINA);2YRDr34xb4EQ_RzF_htfQB;"Glulam-Pino del sur:2"" X 6"":534571";0,034575;0,680618;0,034575
IfcBeam;Correas Piso (PARA LAMINA);2YRDr34xb4EQ_RzF_htfQM;"Glulam-Pino del sur:2"" X 6"":534582";0,034575;0,680618;0,034575
IfcBeam;Correas Piso (PARA LAMINA);2YRDr34xb4EQ_RzF_htfRX;"Glulam-Pino del sur:2"" X 6"":534593";0,034575;0,680618;0,034575
IfcBeam;Correas Piso (PARA LAMINA);2YRDr34xb4EQ_RzF_htfRi;"Glulam-Pino del sur:2"" X 6"":534604";0,034575;0,680618;0,034575
IfcBeam;Correas Piso (PARA LAMINA);2YRDr34xb4EQ_RzF_htfQr;"Glulam-Pino del sur:2"" X 6"":534549";0,034575;0,680618;0,034575
IfcBeam;Correas Piso (PARA LAMINA);2YRDr34xb4EQ_RzF_htfTb;"Glulam-Pino del sur:2"" X 6"":534981";0,034575;0,680618;0,034575
IfcBeam;Correas Piso (PARA LAMINA);2YRDr34xb4EQ_RzF_htfRt;"Glulam-Pino del sur:2"" X 6"":534615";0,034575;0,680618;0,034575
IfcBeam;Correas Piso (PARA LAMINA);2YRDr34xb4EQ_RzF_htfRO;"Glulam-Pino del sur:2"" X 6"":534648";0,034575;0,680618;0,034575
IfcBeam;Correas Piso (PARA LAMINA);2YRDr34xb4EQ_RzF_htfR2;"Glulam-Pino del sur:2"" X 6"":534626";0,034575;0,680618;0,034575
IfcBeam;Correas Piso (PARA LAMINA);2YRDr34xb4EQ_RzF_htfRD;"Glulam-Pino del sur:2"" X 6"":534637";0,034575;0,680618;0,034575
IfcBeam;Correas Piso (PARA LAMINA);2PfaOWzij8Lu8e3jxSJwYB;"Glulam-Pino del sur:2"" X 6"":634969";0,033484;0,659130;0,033484
IfcBeam;Correas Piso (PARA LAMINA);2PfaOWzij8Lu8e3jxSJwHd;"Glulam-Pino del sur:2"" X 6"":638133";0,031873;0,627431;0,031873
IfcBeam;Correas Piso (PARA LAMINA);2PfaOWzij8Lu8e3jxSJwMI;"Glulam-Pino del sur:2"" X 6"":638272";0,031873;0,627431;0,031873
IfcBeam;Correas Piso (PARA LAMINA);2PfaOWzij8Lu8e3jxSJwQJ;"Glulam-Pino del sur:2"" X 6"":638529";0,031873;0,627431;0,031873
IfcBeam;Correas Piso (PARA LAMINA);2PfaOWzij8Lu8e3jxSJzg4;"Glulam-Pino del sur:2"" X 6"":639574";0,031873;0,627431;0,031873
IfcBeam;Correas Piso (PARA LAMINA);2PfaOWzij8Lu8e3jxSJwGL;"Glulam-Pino del sur:2"" X 6"":638151";0,031873;0,627431;0,031873
IfcBeam;Correas Piso (PARA LAMINA);2PfaOWzij8Lu8e3jxSJwLr;"Glulam-Pino del sur:2"" X 6"":638375";0,031873;0,627431;0,031873
IfcBeam;Correas Piso (PARA LAMINA);2PfaOWzij8Lu8e3jxSJwQa;"Glulam-Pino del sur:2"" X 6"":638582";0,031873;0,627431;0,031873
IfcBeam;Correas Piso (PARA LAMINA);2PfaOWzij8Lu8e3jxSJwUE;"Glulam-Pino del sur:2"" X 6"":638812";0,031873;0,627431;0,031873
IfcBeam;Correas Piso (PARA LAMINA);2PfaOWzij8Lu8e3jxSJwOz;"Glulam-Pino del sur:2"" X 6"":638703";0,031873;0,627431;0,031873
IfcBeam;Correas Piso (PARA LAMINA);2PfaOWzij8Lu8e3jxSJwTD;"Glulam-Pino del sur:2"" X 6"":638879";0,031873;0,627431;0,031873
IfcBeam;Correas Piso (PARA LAMINA);2d8Gh5ufD74f7JLehM7ve4;"Glulam-Pino del sur:2"" X 6"":687674";0,031231;0,614782;0,031231
IfcBeam;Correas Piso (PARA LAMINA);2YRDr34xb4EQ_RzF_htfPI;"Glulam-Pino del sur:2"" X 6"":534770";0,019198;0,377906;0,019198
IfcBeam;Correas Piso (PARA LAMINA);2YRDr34xb4EQ_RzF_htfPT;"Glulam-Pino del sur:2"" X 6"":534781";0,019197;0,377891;0,019197
IfcBeam;Correas Piso (PARA LAMINA);2YRDr34xb4EQ_RzF_htfPn;"Glulam-Pino del sur:2"" X 6"":534737";0,019192;0,377800;0,019192
IfcBeam;Correas Piso (PARA LAMINA);2YRDr34xb4EQ_RzF_htfPy;"Glulam-Pino del sur:2"" X 6"":534748";0,019192;0,377800;0,019192
IfcBeam;Correas Piso (PARA LAMINA);2YRDr34xb4EQ_RzF_htfOw;"Glulam-Pino del sur:2"" X 6"":534682";0,019192;0,377800;0,019192
IfcBeam;Correas Piso (PARA LAMINA);2YRDr34xb4EQ_RzF_htfOG;"Glulam-Pino del sur:2"" X 6"":534704";0,019192;0,377800;0,019192
IfcBeam;Correas Piso (PARA LAMINA);2YRDr34xb4EQ_RzF_htfOR;"Glulam-Pino del sur:2"" X 6"":534715";0,019192;0,377800;0,019192
IfcBeam;Correas Piso (PARA LAMINA);2YRDr34xb4EQ_RzF_htfPc;"Glulam-Pino del sur:2"" X 6"":534726";0,019192;0,377800;0,019192
IfcBeam;Correas Piso (PARA LAMINA);2YRDr34xb4EQ_RzF_htfOk;"Glulam-Pino del sur:2"" X 6"":534670";0,019192;0,377800;0,019192
IfcBeam;Correas Piso (PARA LAMINA);2YRDr34xb4EQ_RzF_htfO5;"Glulam-Pino del sur:2"" X 6"":534693";0,019192;0,377800;0,019192
IfcBeam;Correas Piso (PARA LAMINA);2YRDr34xb4EQ_RzF_htfP7;"Glulam-Pino del sur:2"" X 6"":534759";0,019045;0,374904;0,019045
IfcBeam;Correas Piso (PARA LAMINA);2PfaOWzij8Lu8e3jxSJwtM;"Glulam-Pino del sur:2"" X 6"":636164";0,017775;0,349910;0,017775
IfcBeam;Correas Piso (PARA LAMINA);2PfaOWzij8Lu8e3jxSJwro;"Glulam-Pino del sur:2"" X 6"":636320";0,017775;0,349910;0,017775
IfcBeam;Correas Piso (PARA LAMINA);2PfaOWzij8Lu8e3jxSJwul;"Glulam-Pino del sur:2"" X 6"":636669";0,017775;0,349910;0,017775
IfcBeam;Correas Piso (PARA LAMINA);2PfaOWzij8Lu8e3jxSJw$j;"Glulam-Pino del sur:2"" X 6"":636735";0,017775;0,349910;0,017775
IfcBeam;Correas Piso (PARA LAMINA);2PfaOWzij8Lu8e3jxSJw6G;"Glulam-Pino del sur:2"" X 6"":637250";0,017775;0,349910;0,017775
IfcBeam;Correas Piso (PARA LAMINA);2PfaOWzij8Lu8e3jxSJw7N;"Glulam-Pino del sur:2"" X 6"":637189";0,017775;0,349910;0,017775
IfcBeam;Correas Piso (PARA LAMINA);2PfaOWzij8Lu8e3jxSJw4M;"Glulam-Pino del sur:2"" X 6"":637380";0,017775;0,349910;0,017775
IfcBeam;Correas Piso (PARA LAMINA);2PfaOWzij8Lu8e3jxSJwAs;"Glulam-Pino del sur:2"" X 6"":637540";0,017775;0,349910;0,017775
IfcBeam;Correas Piso (PARA LAMINA);2PfaOWzij8Lu8e3jxSJzdH;"Glulam-Pino del sur:2"" X 6"":639235";0,017775;0,349910;0,017775
IfcBeam;Correas Piso (PARA LAMINA);2PfaOWzij8Lu8e3jxSJw8G;"Glulam-Pino del sur:2"" X 6"":637634";0,017775;0,349910;0,017775
IfcBeam;Correas Piso (PARA LAMINA);2ffYDPgRbCPeCfJOxXeHnD;"Glulam-Pino del sur:2"" X 6"":676300";0,017497;0,344424;0,017497
IfcBeam;Corta fuego Sup;0znctZ2p99x9qV_IlZ_or1;Glulam-Pino del sur:508 x  1016:550553;0,004900;0,096454;0,004900
IfcBeam;Corta fuego Sup;3hGbOGFPjDzRTkDrFwI2ER;Glulam-Pino del sur:508 x  1016:604646;0,002477;0,048768;0,002477
IfcBeam;Corta fuego Sup;3hGbOGFPjDzRTkDrFwI211;Glulam-Pino del sur:508 x  1016:604732;0,002219;0,043688;0,002219
IfcBeam;Corta fuego Sup;1XyRjTmDTBrRNWyysfHU11;Glulam-Pino del sur:508 x  1016:727174;0,002034;0,040030;0,002034
IfcBeam;Corta fuego Sup;3hGbOGFPjDzRTkDrFwI2Ea;Glulam-Pino del sur:508 x  762:604633;0,001858;0,036576;0,001858
IfcBeam;Corta fuego Sup;3hGbOGFPjDzRTkDrFwI20r;Glulam-Pino del sur:508 x  762:604744;0,001661;0,032690;0,001661
IfcBeam;Corta fuego Sup;1XyRjTmDTBrRNWyysfHU2U;Glulam-Pino del sur:508 x  762:727129;0,001525;0,030023;0,001525
IfcBeam;Corta fuego Sup;3hGbOGFPjDzRTkDrFwI5lV;Glulam-Pino del sur:762 x 508:606626;0,000763;0,015011;0,000763
IfcBeam;Corta fuego Sup;3hGbOGFPjDzRTkDrFwI5lO;Glulam-Pino del sur:762 x 508:606629;0,000666;0,013106;0,000666
IfcBeam;Corta fuego Sup;3hGbOGFPjDzRTkDrFwI5lL;Glulam-Pino del sur:762 x 508:606632;0,000666;0,013106;0,000666
IfcBeam;Corta fuego Sup;3hGbOGFPjDzRTkDrFwI5lJ;Glulam-Pino del sur:762 x 508:606638;0,000666;0,013106;0,000666
IfcBeam;Corta fuego Sup;1XyRjTmDTBrRNWyysfHU2T;Glulam-Pino del sur:762 x 508:727130;0,000662;0,013030;0,000662
IfcBeam;Corta fuego Sup;3hGbOGFPjDzRTkDrFwI5lM;Glulam-Pino del sur:762 x 508:606635;0,000662;0,013030;0,000662
IfcBeam;Corta fuego Sup;1XyRjTmDTBrRNWyysfHU3L;Glulam-Pino del sur:762 x 508:727058;0,000662;0,013030;0,000662
IfcBeam;Corta fuego Sup;1XyRjTmDTBrRNWyysfHU2G;Glulam-Pino del sur:762 x 508:727127;0,000662;0,013030;0,000662
IfcBeam;Corta fuego central;3hGbOGFPjDzRTkDrFwI2cB;Glulam-Pino del sur:508 x  1016:603126;0,002323;0,045720;0,002323
IfcBeam;Corta fuego central;2blSFVklTC5hPBE2d7jDR_;Glulam-Pino del sur:508 x  1016:581957;0,002250;0,044298;0,002250
IfcBeam;Corta fuego central;1ZYorTH51EEPZ$G_HeYa1Y;Glulam-Pino del sur:508 x  1016:566465;0,002240;0,044094;0,002240
IfcBeam;Corta fuego central;0Bsd48kWzEQhkBVKeaLzzU;Glulam-Pino del sur:508 x  1016:571525;0,002219;0,043688;0,002219
IfcBeam;Corta fuego central;1ZYorTH51EEPZ$G_HeYa4v;Glulam-Pino del sur:508 x  1016:566682;0,002219;0,043688;0,002219
IfcBeam;Corta fuego central;2vTlNdHrH2jOmEGCEVakDT;Glulam-Pino del sur:508 x  1016:776691;0,002214;0,043586;0,002214
IfcBeam;Corta fuego central;0Bsd48kWzEQhkBVKeaLwNM;Glulam-Pino del sur:508 x  1016:573965;0,002214;0,043586;0,002214
IfcBeam;Corta fuego central;1DldO9XpHAHOlG2LTfYaeL;Glulam-Pino del sur:508 x  1016:785688;0,002214;0,043586;0,002214
IfcBeam;Corta fuego central;1DldO9XpHAHOlG2LTfYaej;Glulam-Pino del sur:508 x  1016:785696;0,002214;0,043586;0,002214
IfcBeam;Corta fuego central;2blSFVklTC5hPBE2d7jDNx;Glulam-Pino del sur:508 x  1016:582208;0,002214;0,043586;0,002214
IfcBeam;Corta fuego central;1W0XCr7jvBfA1PDbQGuoBZ;Glulam-Pino del sur:508 x  1016:807110;0,002214;0,043586;0,002214
IfcBeam;Corta fuego central;0Bsd48kWzEQhkBVKeaLzyV;Glulam-Pino del sur:508 x  1016:571588;0,002214;0,043586;0,002214
IfcBeam;Corta fuego central;0Bsd48kWzEQhkBVKeaLzxu;Glulam-Pino del sur:508 x  1016:571683;0,002214;0,043586;0,002214
IfcBeam;Corta fuego central;3hGbOGFPjDzRTkDrFwI2os;Glulam-Pino del sur:1016 x 508:603851;0,002214;0,043586;0,002214
IfcBeam;Corta fuego central;1DldO9XpHAHOlG2LTfYalb;Glulam-Pino del sur:508 x  1016:785640;0,002214;0,043586;0,002214
IfcBeam;Corta fuego central;0Bsd48kWzEQhkBVKeaLz$a;Glulam-Pino del sur:508 x  1016:571455;0,002214;0,043586;0,002214
IfcBeam;Corta fuego central;1DldO9XpHAHOlG2LTfYalY;Glulam-Pino del sur:508 x  1016:785647;0,002214;0,043586;0,002214
IfcBeam;Corta fuego central;0Bsd48kWzEQhkBVKeaLwPd;Glulam-Pino del sur:508 x  1016:573884;0,002214;0,043581;0,002214
IfcBeam;Corta fuego central;1ZYorTH51EEPZ$G_HeYa6R;Glulam-Pino del sur:508 x  1016:566584;0,002163;0,042570;0,002163
IfcBeam;Corta fuego central;2UPZHC5AL21BMXzelrroMW;Glulam-Pino del sur:508 x  1016:815844;0,002085;0,041036;0,002085
IfcBeam;Corta fuego central;2blSFVklTC5hPBE2d7jDMs;Glulam-Pino del sur:508 x  1016:582157;0,002084;0,041030;0,002084
IfcBeam;Corta fuego central;3hGbOGFPjDzRTkDrFwI2n1;Glulam-Pino del sur:1016 x 508:603708;0,002018;0,039726;0,002018
IfcBeam;Corta fuego central;0Bsd48kWzEQhkBVKeaLz5w;Glulam-Pino del sur:508 x  762:571041;0,001738;0,034214;0,001738
IfcBeam;Corta fuego central;2blSFVklTC5hPBE2d7jD4w;Glulam-Pino del sur:508 x  762:583297;0,001688;0,033223;0,001688
IfcBeam;Corta fuego central;1ZYorTH51EEPZ$G_HeYamy;Glulam-Pino del sur:508 x  762:567455;0,001680;0,033071;0,001680
IfcBeam;Corta fuego central;0Bsd48kWzEQhkBVKeaLz1w;Glulam-Pino del sur:508 x  762:571297;0,001665;0,032766;0,001665
IfcBeam;Corta fuego central;1ZYorTH51EEPZ$G_HeYaE2;Glulam-Pino del sur:508 x  762:567073;0,001665;0,032766;0,001665
IfcBeam;Corta fuego central;0abYA8mSnB49pGaxJfd0mg;Glulam-Pino del sur:508 x  762:528076;0,001665;0,032766;0,001665
IfcBeam;Corta fuego central;1W0XCr7jvBfA1PDbQGuoBY;Glulam-Pino del sur:508 x  762:807111;0,001661;0,032705;0,001661
IfcBeam;Corta fuego central;2vTlNdHrH2jOmEGCEVakDS;Glulam-Pino del sur:508 x  762:776690;0,001661;0,032690;0,001661
IfcBeam;Corta fuego central;0abYA8mSnB49pGaxJfd1EI;Glulam-Pino del sur:508 x  762:528756;0,001661;0,032690;0,001661
IfcBeam;Corta fuego central;0Bsd48kWzEQhkBVKeaLwIV;Glulam-Pino del sur:508 x  762:574276;0,001661;0,032690;0,001661
IfcBeam;Corta fuego central;0abYA8mSnB49pGaxJfd1B5;Glulam-Pino del sur:508 x  762:528419;0,001661;0,032690;0,001661
IfcBeam;Corta fuego central;0Bsd48kWzEQhkBVKeaLz2i;Glulam-Pino del sur:508 x  762:571255;0,001661;0,032690;0,001661
IfcBeam;Corta fuego central;0Bsd48kWzEQhkBVKeaLz2O;Glulam-Pino del sur:508 x  762:571203;0,001661;0,032690;0,001661
IfcBeam;Corta fuego central;3hGbOGFPjDzRTkDrFwI2on;Glulam-Pino del sur:508 x  762:603852;0,001661;0,032690;0,001661
IfcBeam;Corta fuego central;0Bsd48kWzEQhkBVKeaLz03;Glulam-Pino del sur:508 x  762:571352;0,001661;0,032690;0,001661
IfcBeam;Corta fuego central;0Bsd48kWzEQhkBVKeaLwGV;Glulam-Pino del sur:508 x  762:574404;0,001661;0,032690;0,001661
IfcBeam;Corta fuego central;0abYA8mSnB49pGaxJfd0sC;Glulam-Pino del sur:508 x  762:528234;0,001661;0,032690;0,001661
IfcBeam;Corta fuego central;0abYA8mSnB49pGaxJfd0qW;Glulam-Pino del sur:508 x  762:528326;0,001661;0,032690;0,001661
IfcBeam;Corta fuego central;0M74zrrYLEAByWcfgnjRX3;Glulam-Pino del sur:508 x  762:778363;0,001661;0,032690;0,001661
IfcBeam;Corta fuego central;2blSFVklTC5hPBE2d7jDF2;Glulam-Pino del sur:508 x  762:582777;0,001661;0,032690;0,001661
IfcBeam;Corta fuego central;1ZYorTH51EEPZ$G_HeYaCQ;Glulam-Pino del sur:508 x  762:567225;0,001622;0,031928;0,001622
IfcBeam;Corta fuego central;2blSFVklTC5hPBE2d7jDAn;Glulam-Pino del sur:508 x  762:582922;0,001563;0,030772;0,001563
IfcBeam;Corta fuego central;2UPZHC5AL21BMXzelrroMd;Glulam-Pino del sur:508 x  762:815843;0,001563;0,030770;0,001563
IfcBeam;Corta fuego central;3hGbOGFPjDzRTkDrFwI2n0;Glulam-Pino del sur:508 x  762:603709;0,001514;0,029794;0,001514
IfcBeam;Corta fuego central;1XyRjTmDTBrRNWyysfHU12;Glulam-Pino del sur:1016 x 508:727173;0,001063;0,020930;0,001063
IfcBeam;Corta fuego central;1XyRjTmDTBrRNWyysfHU2H;Glulam-Pino del sur:762 x 508:727126;0,000960;0,018898;0,000960
IfcBeam;Corta fuego central;1ZYorTH51EEPZ$G_HeYa39;Glulam-Pino del sur:508 x  1016:566378;0,000955;0,018796;0,000955
IfcBeam;Corta fuego central;1XyRjTmDTBrRNWyysfHU29;Glulam-Pino del sur:508 x  762:727118;0,000797;0,015697;0,000797
IfcBeam;Corta fuego central;0Bsd48kWzEQhkBVKeaLzBh;Glulam-Pino del sur:762 x 508:570672;0,000766;0,015088;0,000766
IfcBeam;Corta fuego central;1ZYorTH51EEPZ$G_HeYat_;Glulam-Pino del sur:508 x  762:567645;0,000716;0,014097;0,000716
IfcBeam;Corta fuego central;3hGbOGFPjDzRTkDrFwI5jI;Glulam-Pino del sur:762 x 508:606511;0,000666;0,013106;0,000666
IfcBeam;Corta fuego central;0Bsd48kWzEQhkBVKeaLzBe;Glulam-Pino del sur:762 x 508:570675;0,000666;0,013106;0,000666
IfcBeam;Corta fuego central;2$aBpdm5zBQAWwQa9pJl4$;Glulam-Pino del sur:762 x 508:822452;0,000666;0,013106;0,000666
IfcBeam;Corta fuego central;2$aBpdm5zBQAWwQa9pJl56;Glulam-Pino del sur:762 x 508:822477;0,000666;0,013106;0,000666
IfcBeam;Corta fuego central;1ZYorTH51EEPZ$G_HeYdyV;Glulam-Pino del sur:762 x 508:564156;0,000666;0,013106;0,000666
IfcBeam;Corta fuego central;0Bsd48kWzEQhkBVKeaLzBj;Glulam-Pino del sur:762 x 508:570678;0,000666;0,013106;0,000666
IfcBeam;Corta fuego central;0Bsd48kWzEQhkBVKeaLzXI;Glulam-Pino del sur:762 x 508:573321;0,000666;0,013106;0,000666
IfcBeam;Corta fuego central;3hGbOGFPjDzRTkDrFwI2$z;Glulam-Pino del sur:762 x 508:603520;0,000666;0,013106;0,000666
IfcBeam;Corta fuego central;3hGbOGFPjDzRTkDrFwI5jH;Glulam-Pino del sur:762 x 508:606508;0,000666;0,013106;0,000666
IfcBeam;Corta fuego central;0cp46ZkjP61gYMFD_9hl78;Glulam-Pino del sur:762 x 508:842915;0,000666;0,013106;0,000666
IfcBeam;Corta fuego central;0Bsd48kWzEQhkBVKeaLzAJ;Glulam-Pino del sur:762 x 508:570696;0,000666;0,013106;0,000666
IfcBeam;Corta fuego central;0Bsd48kWzEQhkBVKeaLzYg;Glulam-Pino del sur:762 x 508:573297;0,000666;0,013106;0,000666
IfcBeam;Corta fuego central;3hGbOGFPjDzRTkDrFwI5jR;Glulam-Pino del sur:762 x 508:606502;0,000666;0,013106;0,000666
IfcBeam;Corta fuego central;0Bsd48kWzEQhkBVKeaLzYm;Glulam-Pino del sur:762 x 508:573291;0,000666;0,013106;0,000666
IfcBeam;Corta fuego central;0Bsd48kWzEQhkBVKeaLzYr;Glulam-Pino del sur:762 x 508:573294;0,000666;0,013106;0,000666
IfcBeam;Corta fuego central;0Bsd48kWzEQhkBVKeaLzYl;Glulam-Pino del sur:762 x 508:573300;0,000666;0,013106;0,000666
IfcBeam;Corta fuego central;3hGbOGFPjDzRTkDrFwI2wr;Glulam-Pino del sur:762 x 508:603336;0,000666;0,013106;0,000666
IfcBeam;Corta fuego central;1W0XCr7jvBfA1PDbQGupp9;Glulam-Pino del sur:762 x 508:806636;0,000666;0,013106;0,000666
IfcBeam;Corta fuego central;2UPZHC5AL21BMXzelrrmtv;Glulam-Pino del sur:762 x 508:809661;0,000666;0,013106;0,000666
IfcBeam;Corta fuego central;1tgHqkfxHEbPVIqT2cvcjX;Glulam-Pino del sur:762 x 508:850983;0,000666;0,013106;0,000666
IfcBeam;Corta fuego central;0Bsd48kWzEQhkBVKeaLzBY;Glulam-Pino del sur:762 x 508:570681;0,000662;0,013030;0,000662
IfcBeam;Corta fuego central;2UPZHC5AL21BMXzelrroMA;Glulam-Pino del sur:762 x 508:815822;0,000662;0,013030;0,000662
IfcBeam;Corta fuego central;3Nc8k3oVLENBa_opEUH4yJ;Glulam-Pino del sur:762 x 508:806022;0,000662;0,013030;0,000662
IfcBeam;Corta fuego central;1ZYorTH51EEPZ$G_HeYdzA;Glulam-Pino del sur:762 x 508:564201;0,000662;0,013030;0,000662
IfcBeam;Corta fuego central;1ZYorTH51EEPZ$G_HeYdzF;Glulam-Pino del sur:762 x 508:564204;0,000662;0,013030;0,000662
IfcBeam;Corta fuego central;0M74zrrYLEAByWcfgnjRbK;Glulam-Pino del sur:762 x 508:778604;0,000662;0,013030;0,000662
IfcBeam;Corta fuego central;39dc43MqP1A8rbKKP89fOT;Glulam-Pino del sur:762 x 508:823028;0,000662;0,013030;0,000662
IfcBeam;Corta fuego central;2vTlNdHrH2jOmEGCEVakFi;Glulam-Pino del sur:762 x 508:776514;0,000662;0,013030;0,000662
IfcBeam;Corta fuego central;1ZYorTH51EEPZ$G_HeYdze;Glulam-Pino del sur:762 x 508:564171;0,000662;0,013030;0,000662
IfcBeam;Corta fuego central;2$aBpdm5zBQAWwQa9pJl5x;Glulam-Pino del sur:762 x 508:822512;0,000662;0,013030;0,000662
IfcBeam;Corta fuego central;2$aBpdm5zBQAWwQa9pJl29;Glulam-Pino del sur:762 x 508:822530;0,000662;0,013030;0,000662
IfcBeam;Corta fuego central;1ZYorTH51EEPZ$G_HeYdz_;Glulam-Pino del sur:762 x 508:564189;0,000662;0,013030;0,000662
IfcBeam;Corta fuego central;0Bsd48kWzEQhkBVKeaLzAU;Glulam-Pino del sur:762 x 508:570693;0,000662;0,013030;0,000662
IfcBeam;Corta fuego central;1ZYorTH51EEPZ$G_HeYdzv;Glulam-Pino del sur:762 x 508:564186;0,000662;0,013030;0,000662
IfcBeam;Corta fuego central;0Bsd48kWzEQhkBVKeaLzBd;Glulam-Pino del sur:762 x 508:570684;0,000662;0,013030;0,000662
IfcBeam;Corta fuego central;0Bsd48kWzEQhkBVKeaLzAP;Glulam-Pino del sur:762 x 508:570690;0,000662;0,013030;0,000662
IfcBeam;Corta fuego central;2UPZHC5AL21BMXzelrrmLm;Glulam-Pino del sur:762 x 508:807476;0,000662;0,013030;0,000662
IfcBeam;Corta fuego central;0Bsd48kWzEQhkBVKeaLzBa;Glulam-Pino del sur:762 x 508:570687;0,000662;0,013030;0,000662
IfcBeam;Corta fuego central;2blSFVklTC5hPBE2d7jDbL;Glulam-Pino del sur:762 x 508:585454;0,000662;0,013030;0,000662
IfcBeam;Corta fuego central;0pFmITYbfDlPZB0zai8Q4H;Glulam-Pino del sur:762 x 508:822944;0,000662;0,013030;0,000662
IfcBeam;Corta fuego central;39dc43MqP1A8rbKKP89fVx;Glulam-Pino del sur:762 x 508:823058;0,000662;0,013030;0,000662
IfcBeam;Corta fuego central;2blSFVklTC5hPBE2d7jDbl;Glulam-Pino del sur:762 x 508:585428;0,000662;0,013030;0,000662
IfcBeam;Corta fuego central;2blSFVklTC5hPBE2d7jDbi;Glulam-Pino del sur:762 x 508:585431;0,000662;0,013030;0,000662
IfcBeam;Corta fuego central;1ZYorTH51EEPZ$G_HeYdzq;Glulam-Pino del sur:762 x 508:564183;0,000662;0,013030;0,000662
IfcBeam;Corta fuego central;3hGbOGFPjDzRTkDrFwI5jK;Glulam-Pino del sur:762 x 508:606505;0,000662;0,013030;0,000662
IfcBeam;Corta fuego central;1XyRjTmDTBrRNWyysfHU3N;Glulam-Pino del sur:762 x 508:727056;0,000662;0,013030;0,000662
IfcBeam;Corta fuego central;1ZYorTH51EEPZ$G_HeYdzR;Glulam-Pino del sur:762 x 508:564216;0,000662;0,013030;0,000662
IfcBeam;Corta fuego central;0Bsd48kWzEQhkBVKeaLzYc;Glulam-Pino del sur:762 x 508:573309;0,000662;0,013030;0,000662
IfcBeam;Corta fuego central;0Bsd48kWzEQhkBVKeaLzXR;Glulam-Pino del sur:762 x 508:573312;0,000662;0,013030;0,000662
IfcBeam;Corta fuego central;1ZYorTH51EEPZ$G_HeYdzt;Glulam-Pino del sur:762 x 508:564180;0,000643;0,012649;0,000643
IfcBeam;Corta fuego central;2blSFVklTC5hPBE2d7jDb6;Glulam-Pino del sur:762 x 508:585469;0,000623;0,012268;0,000623
IfcBeam;Corta fuego central;39dc43MqP1A8rbKKP89eYP;Glulam-Pino del sur:762 x 508:823408;0,000591;0,011625;0,000591
IfcBeam;Corta fuego central;2Fx1YQ7bT3HeEfnnO$IQWB;Glulam-Pino del sur:762 x 508:759267;0,000591;0,011625;0,000591
IfcBeam;Corta fuego central;2blSFVklTC5hPBE2d7jDO3;Glulam-Pino del sur:508 x  1016:582072;0,000005;0,005161;0,000005
IfcBeam;Corta fuego cumbrera;0VpbSz5F1Bi97_J5zOvXwc;Glulam-Pino del sur:508 x  1016:614068;0,002240;0,044094;0,002240
IfcBeam;Corta fuego cumbrera;3JQWnrk2r66Bppm9sNgr1x;Glulam-Pino del sur:508 x  1016:592047;0,002219;0,043688;0,002219
IfcBeam;Corta fuego cumbrera;3JQWnrk2r66Bppm9sNgr07;Glulam-Pino del sur:508 x  1016:592083;0,002214;0,043586;0,002214
IfcBeam;Corta fuego cumbrera;3JQWnrk2r66Bppm9sNgr7s;Glulam-Pino del sur:508 x  1016:592162;0,002214;0,043586;0,002214
IfcBeam;Corta fuego cumbrera;3JQWnrk2r66Bppm9sNgr2C;Glulam-Pino del sur:508 x  1016:591960;0,002214;0,043586;0,002214
IfcBeam;Corta fuego cumbrera;1XyRjTmDTBrRNWyysfHU2K;Glulam-Pino del sur:508 x  1016:727123;0,002163;0,042570;0,002163
IfcBeam;Corta fuego cumbrera;3JQWnrk2r66Bppm9sNgrx0;Glulam-Pino del sur:508 x  762:591380;0,001738;0,034214;0,001738
IfcBeam;Corta fuego cumbrera;0VpbSz5F1Bi97_J5zOvXwf;Glulam-Pino del sur:508 x  762:614075;0,001680;0,033071;0,001680
IfcBeam;Corta fuego cumbrera;3JQWnrk2r66Bppm9sNgr_L;Glulam-Pino del sur:508 x  762:591681;0,001665;0,032766;0,001665
IfcBeam;Corta fuego cumbrera;3JQWnrk2r66Bppm9sNgr$J;Glulam-Pino del sur:508 x  762:591623;0,001661;0,032690;0,001661
IfcBeam;Corta fuego cumbrera;3JQWnrk2r66Bppm9sNgruz;Glulam-Pino del sur:508 x  762:591593;0,001661;0,032690;0,001661
IfcBeam;Corta fuego cumbrera;3JQWnrk2r66Bppm9sNgr_d;Glulam-Pino del sur:508 x  762:591731;0,001661;0,032690;0,001661
IfcBeam;Corta fuego cumbrera;1XyRjTmDTBrRNWyysfHU2L;Glulam-Pino del sur:508 x  762:727122;0,001622;0,031928;0,001622
IfcBeam;Corta fuego cumbrera;0VpbSz5F1Bi97_J5zOvXz5;Glulam-Pino del sur:508 x  1016:614231;0,000955;0,018796;0,000955
IfcBeam;Corta fuego cumbrera;3JQWnrk2r66Bppm9sNgr4q;Glulam-Pino del sur:508 x  1016:592352;0,000724;0,014244;0,000724
IfcBeam;Corta fuego cumbrera;0VpbSz5F1Bi97_J5zOvXz9;Glulam-Pino del sur:508 x  762:614235;0,000716;0,014097;0,000716
IfcBeam;Corta fuego cumbrera;0VpbSz5F1Bi97_J5zOvXzD;Glulam-Pino del sur:762 x 508:614239;0,000666;0,013106;0,000666
IfcBeam;Corta fuego cumbrera;0VpbSz5F1Bi97_J5zOvXzm;Glulam-Pino del sur:762 x 508:614242;0,000662;0,013030;0,000662
IfcBeam;Corta fuego cumbrera;0VpbSz5F1Bi97_J5zOvXxE;Glulam-Pino del sur:762 x 508:614108;0,000662;0,013030;0,000662
IfcBeam;Corta fuego cumbrera;0VpbSz5F1Bi97_J5zOvXxD;Glulam-Pino del sur:762 x 508:614111;0,000662;0,013030;0,000662
IfcBeam;Corta fuego cumbrera;1XyRjTmDTBrRNWyysfHU2I;Glulam-Pino del sur:762 x 508:727125;0,000662;0,013030;0,000662
IfcBeam;Corta fuego cumbrera;1XyRjTmDTBrRNWyysfHU2J;Glulam-Pino del sur:762 x 508:727124;0,000662;0,013030;0,000662
IfcBeam;Corta fuegos 0.12;3iUOs72JH5dQ_q0gNnWHbH;Glulam-Pino del sur:1016 x 508:590412;0,002983;0,058725;0,002983
IfcBeam;Corta fuegos 0.12;3iUOs72JH5dQ_q0gNnWHZ6;Glulam-Pino del sur:508 x  762:590811;0,002237;0,044044;0,002237
IfcBeam;Corta fuegos 0.12;3iUOs72JH5dQ_q0gNnWHZW;Glulam-Pino del sur:508 x  1016:590845;0,002219;0,043688;0,002219
IfcBeam;Corta fuegos 0.12;3iUOs72JH5dQ_q0gNnWHyT;Glulam-Pino del sur:508 x  1016:590848;0,002219;0,043688;0,002219
IfcBeam;Corta fuegos 0.12;3iUOs72JH5dQ_q0gNnWHbJ;Glulam-Pino del sur:1016 x 508:590414;0,002214;0,043586;0,002214
IfcBeam;Corta fuegos 0.12;3iUOs72JH5dQ_q0gNnWHyP;Glulam-Pino del sur:508 x  1016:590852;0,002214;0,043586;0,002214
IfcBeam;Corta fuegos 0.12;3iUOs72JH5dQ_q0gNnWHyQ;Glulam-Pino del sur:508 x  1016:590855;0,002214;0,043586;0,002214
IfcBeam;Corta fuegos 0.12;3iUOs72JH5dQ_q0gNnWHyN;Glulam-Pino del sur:508 x  1016:590858;0,002214;0,043586;0,002214
IfcBeam;Corta fuegos 0.12;3iUOs72JH5dQ_q0gNnWHbL;Glulam-Pino del sur:1016 x 508:590408;0,002214;0,043586;0,002214
IfcBeam;Corta fuegos 0.12;3iUOs72JH5dQ_q0gNnWHbN;Glulam-Pino del sur:1016 x 508:590410;0,002059;0,040538;0,002059
IfcBeam;Corta fuegos 0.12;3iUOs72JH5dQ_q0gNnWHZd;Glulam-Pino del sur:508 x  762:590842;0,001665;0,032766;0,001665
IfcBeam;Corta fuegos 0.12;3iUOs72JH5dQ_q0gNnWHZf;Glulam-Pino del sur:508 x  762:590836;0,001661;0,032690;0,001661
IfcBeam;Corta fuegos 0.12;3iUOs72JH5dQ_q0gNnWHZi;Glulam-Pino del sur:508 x  762:590833;0,001661;0,032690;0,001661
IfcBeam;Corta fuegos 0.12;3iUOs72JH5dQ_q0gNnWHZg;Glulam-Pino del sur:508 x  762:590839;0,001661;0,032690;0,001661
IfcBeam;Corta fuegos 0.12;3iUOs72JH5dQ_q0gNnWHZ5;Glulam-Pino del sur:508 x  762:590808;0,001661;0,032690;0,001661
IfcBeam;Corta fuegos 0.12;3iUOs72JH5dQ_q0gNnWHZy;Glulam-Pino del sur:508 x  762:590817;0,001661;0,032690;0,001661
IfcBeam;Corta fuegos 0.12;3iUOs72JH5dQ_q0gNnWHZ3;Glulam-Pino del sur:508 x  762:590814;0,001545;0,030404;0,001545
IfcBeam;Corta fuegos 0.12;3hGbOGFPjDzRTkDrFwI2z_;Glulam-Pino del sur:508 x  1016:603395;0,001280;0,025197;0,001280
IfcBeam;Corta fuegos 0.12;3hGbOGFPjDzRTkDrFwI2zv;Glulam-Pino del sur:508 x  1016:603396;0,001280;0,025197;0,001280
IfcBeam;Corta fuegos 0.12;3iUOs72JH5dQ_q0gNnWHW9;Glulam-Pino del sur:762 x 508:590612;0,000666;0,013106;0,000666
IfcBeam;Corta fuegos 0.12;3iUOs72JH5dQ_q0gNnWHWC;Glulam-Pino del sur:762 x 508:590609;0,000666;0,013106;0,000666
IfcBeam;Corta fuegos 0.12;3iUOs72JH5dQ_q0gNnWHWA;Glulam-Pino del sur:762 x 508:590615;0,000666;0,013106;0,000666
IfcBeam;Corta fuegos 0.12;3hGbOGFPjDzRTkDrFwI2$$;Glulam-Pino del sur:762 x 508:603522;0,000666;0,013106;0,000666
IfcBeam;Corta fuegos 0.12;0cp46ZkjP61gYMFD_9hl7L;Glulam-Pino del sur:762 x 508:842942;0,000666;0,013106;0,000666
IfcBeam;Corta fuegos 0.12;1tgHqkfxHEbPVIqT2cvcQE;Glulam-Pino del sur:762 x 508:848328;0,000666;0,013106;0,000666
IfcBeam;Corta fuegos 0.12;3iUOs72JH5dQ_q0gNnWHWq;Glulam-Pino del sur:762 x 508:590633;0,000666;0,013106;0,000666
IfcBeam;Corta fuegos 0.12;3iUOs72JH5dQ_q0gNnWHym;Glulam-Pino del sur:762 x 508:590893;0,000666;0,013106;0,000666
IfcBeam;Corta fuegos 0.12;3iUOs72JH5dQ_q0gNnWHyj;Glulam-Pino del sur:762 x 508:590896;0,000666;0,013106;0,000666
IfcBeam;Corta fuegos 0.12;3iUOs72JH5dQ_q0gNnWHyk;Glulam-Pino del sur:762 x 508:590899;0,000666;0,013106;0,000666
IfcBeam;Corta fuegos 0.12;3hGbOGFPjDzRTkDrFwI2wt;Glulam-Pino del sur:762 x 508:603338;0,000666;0,013106;0,000666
IfcBeam;Corta fuegos 0.12;0cp46ZkjP61gYMFD_9hl6q;Glulam-Pino del sur:762 x 508:842975;0,000666;0,013106;0,000666
IfcBeam;Corta fuegos 0.12;0cp46ZkjP61gYMFD_9hl6V;Glulam-Pino del sur:762 x 508:842996;0,000666;0,013106;0,000666
IfcBeam;Corta fuegos 0.12;3iUOs72JH5dQ_q0gNnWHW7;Glulam-Pino del sur:762 x 508:590618;0,000662;0,013030;0,000662
IfcBeam;Corta fuegos 0.12;3iUOs72JH5dQ_q0gNnWHdv;Glulam-Pino del sur:762 x 508:590564;0,000662;0,013030;0,000662
IfcBeam;Corta fuegos 0.12;3Nc8k3oVLENBa_opEUH4yT;Glulam-Pino del sur:762 x 508:806024;0,000662;0,013030;0,000662
IfcBeam;Corta fuegos 0.12;3iUOs72JH5dQ_q0gNnWHy7;Glulam-Pino del sur:762 x 508:590874;0,000662;0,013030;0,000662
IfcBeam;Corta fuegos 0.12;3iUOs72JH5dQ_q0gNnWHW0;Glulam-Pino del sur:762 x 508:590621;0,000662;0,013030;0,000662
IfcBeam;Corta fuegos 0.12;3iUOs72JH5dQ_q0gNnWHWx;Glulam-Pino del sur:762 x 508:590630;0,000662;0,013030;0,000662
IfcBeam;Corta fuegos 0.12;3iUOs72JH5dQ_q0gNnWHW_;Glulam-Pino del sur:762 x 508:590627;0,000662;0,013030;0,000662
IfcBeam;Corta fuegos 0.12;3iUOs72JH5dQ_q0gNnWHWz;Glulam-Pino del sur:762 x 508:590624;0,000662;0,013030;0,000662
IfcBeam;Corta fuegos 0.12;3iUOs72JH5dQ_q0gNnWHdw;Glulam-Pino del sur:762 x 508:590567;0,000662;0,013030;0,000662
IfcBeam;Corta fuegos 0.12;3iUOs72JH5dQ_q0gNnWHdt;Glulam-Pino del sur:762 x 508:590570;0,000662;0,013030;0,000662
IfcBeam;Corta fuegos 0.12;3iUOs72JH5dQ_q0gNnWHy0;Glulam-Pino del sur:762 x 508:590877;0,000662;0,013030;0,000662
IfcBeam;Corta fuegos 0.12;3iUOs72JH5dQ_q0gNnWHyz;Glulam-Pino del sur:762 x 508:590880;0,000662;0,013030;0,000662
IfcBeam;Corta fuegos inf;2vTlNdHrH2jOmEGCEVakvt;Glulam-Pino del sur:508 x  1016:775385;0,007878;0,155084;0,007878
IfcBeam;Corta fuegos inf;2olM49mv14jOXbz3eVySSQ;Glulam-Pino del sur:508 x  1016:561461;0,007789;0,153335;0,007789
IfcBeam;Corta fuegos inf;0M74zrrYLEAByWcfgnjOB8;Glulam-Pino del sur:508 x  1016:776944;0,007729;0,152143;0,007729
IfcBeam;Corta fuegos inf;0JcdXlDaH1Vf6_H4bYAKVj;Glulam-Pino del sur:508 x  762:772548;0,005906;0,116267;0,005906
IfcBeam;Corta fuegos inf;0abYA8mSnB49pGaxJfd0YE;Glulam-Pino del sur:508 x  762:526952;0,005842;0,115001;0,005842
IfcBeam;Corta fuegos inf;15FWC3M0j5KAnx1BvwHlmh;Glulam-Pino del sur:508 x  1016:588257;0,005612;0,110470;0,005612
IfcBeam;Corta fuegos inf;0M74zrrYLEAByWcfgnjOBJ;Glulam-Pino del sur:508 x  762:776939;0,005449;0,107270;0,005449
IfcBeam;Corta fuegos inf;2blSFVklTC5hPBE2d7jDof;Glulam-Pino del sur:508 x  1016:584466;0,005356;0,105440;0,005356
IfcBeam;Corta fuegos inf;15FWC3M0j5KAnx1BvwHlmg;Glulam-Pino del sur:508 x  762:588256;0,004209;0,082852;0,004209
IfcBeam;Corta fuegos inf;2blSFVklTC5hPBE2d7jD5H;Glulam-Pino del sur:508 x  762:583402;0,004020;0,079126;0,004020
IfcBeam;Corta fuegos inf;1ZYorTH51EEPZ$G_HeYaSY;Glulam-Pino del sur:508 x  1016:566145;0,002983;0,058725;0,002983
IfcBeam;Corta fuegos inf;2UPZHC5AL21BMXzelrroS2;Glulam-Pino del sur:508 x  1016:815174;0,002771;0,054549;0,002771
IfcBeam;Corta fuegos inf;3hGbOGFPjDzRTkDrFwI2pk;Glulam-Pino del sur:508 x  1016:603795;0,002482;0,048849;0,002482
IfcBeam;Corta fuegos inf;3hGbOGFPjDzRTkDrFwI2F0;Glulam-Pino del sur:508 x  1016:604605;0,002477;0,048768;0,002477
IfcBeam;Corta fuegos inf;1ZYorTH51EEPZ$G_HeYaMV;Glulam-Pino del sur:508 x  762:565564;0,002237;0,044044;0,002237
IfcBeam;Corta fuegos inf;2Fx1YQ7bT3HeEfnnO$IPn1;Glulam-Pino del sur:508 x  1016:762281;0,002220;0,043707;0,002220
IfcBeam;Corta fuegos inf;2olM49mv14jOXbz3eVySRl;Glulam-Pino del sur:508 x  1016:561344;0,002219;0,043688;0,002219
IfcBeam;Corta fuegos inf;0Bsd48kWzEQhkBVKeaLzmI;Glulam-Pino del sur:508 x  1016:572361;0,002219;0,043688;0,002219
IfcBeam;Corta fuegos inf;0Bsd48kWzEQhkBVKeaLw5y;Glulam-Pino del sur:508 x  1016:575143;0,002216;0,043623;0,002216
IfcBeam;Corta fuegos inf;0Bsd48kWzEQhkBVKeaLw66;Glulam-Pino del sur:508 x  1016:575069;0,002215;0,043607;0,002215
IfcBeam;Corta fuegos inf;1ZYorTH51EEPZ$G_HeYaS4;Glulam-Pino del sur:508 x  1016:566183;0,002214;0,043586;0,002214
IfcBeam;Corta fuegos inf;2olM49mv14jOXbz3eVySMB;Glulam-Pino del sur:508 x  1016:562084;0,002214;0,043586;0,002214
IfcBeam;Corta fuegos inf;2olM49mv14jOXbz3eVySJ9;Glulam-Pino del sur:508 x  1016:561894;0,002214;0,043586;0,002214
IfcBeam;Corta fuegos inf;2blSFVklTC5hPBE2d7jDvL;Glulam-Pino del sur:508 x  1016:584174;0,002214;0,043586;0,002214
IfcBeam;Corta fuegos inf;2olM49mv14jOXbz3eVySHc;Glulam-Pino del sur:508 x  1016:561737;0,002214;0,043586;0,002214
IfcBeam;Corta fuegos inf;2olM49mv14jOXbz3eVySIb;Glulam-Pino del sur:508 x  1016:561802;0,002214;0,043586;0,002214
IfcBeam;Corta fuegos inf;0Bsd48kWzEQhkBVKeaLzoP;Glulam-Pino del sur:508 x  1016:572226;0,002214;0,043586;0,002214
IfcBeam;Corta fuegos inf;0Bsd48kWzEQhkBVKeaLznD;Glulam-Pino del sur:508 x  1016:572310;0,002214;0,043586;0,002214
IfcBeam;Corta fuegos inf;0Bsd48kWzEQhkBVKeaLzpE;Glulam-Pino del sur:508 x  1016:572181;0,002214;0,043586;0,002214
IfcBeam;Corta fuegos inf;1ZYorTH51EEPZ$G_HeYaP7;Glulam-Pino del sur:508 x  1016:565988;0,002214;0,043586;0,002214
IfcBeam;Corta fuegos inf;2UPZHC5AL21BMXzelrroS1;Glulam-Pino del sur:508 x  762:815173;0,002076;0,040874;0,002076
IfcBeam;Corta fuegos inf;1ZYorTH51EEPZ$G_HeYaU1;Glulam-Pino del sur:508 x  1016:566050;0,002065;0,040640;0,002065
IfcBeam;Corta fuegos inf;3hGbOGFPjDzRTkDrFwI2F1;Glulam-Pino del sur:508 x  762:604604;0,001858;0,036576;0,001858
IfcBeam;Corta fuegos inf;2vTlNdHrH2jOmEGCEVakDG;Glulam-Pino del sur:508 x  1016:776702;0,001775;0,034950;0,001775
IfcBeam;Corta fuegos inf;0Bsd48kWzEQhkBVKeaLwDP;Glulam-Pino del sur:508 x  762:574594;0,001666;0,032788;0,001666
IfcBeam;Corta fuegos inf;0Bsd48kWzEQhkBVKeaLzkg;Glulam-Pino del sur:508 x  762:572529;0,001665;0,032766;0,001665
IfcBeam;Corta fuegos inf;0Bsd48kWzEQhkBVKeaLwCT;Glulam-Pino del sur:508 x  762:574662;0,001661;0,032705;0,001661
IfcBeam;Corta fuegos inf;0abYA8mSnB49pGaxJfd0dX;Glulam-Pino del sur:508 x  762:527111;0,001661;0,032690;0,001661
IfcBeam;Corta fuegos inf;0abYA8mSnB49pGaxJfd0b_;Glulam-Pino del sur:508 x  762:527256;0,001661;0,032690;0,001661
IfcBeam;Corta fuegos inf;0Bsd48kWzEQhkBVKeaLziD;Glulam-Pino del sur:508 x  762:572630;0,001661;0,032690;0,001661
IfcBeam;Corta fuegos inf;0Bsd48kWzEQhkBVKeaLzjp;Glulam-Pino del sur:508 x  762:572584;0,001661;0,032690;0,001661
IfcBeam;Corta fuegos inf;0Bsd48kWzEQhkBVKeaLziY;Glulam-Pino del sur:508 x  762:572665;0,001661;0,032690;0,001661
IfcBeam;Corta fuegos inf;0abYA8mSnB49pGaxJfd0Yb;Glulam-Pino del sur:508 x  762:526915;0,001661;0,032690;0,001661
IfcBeam;Corta fuegos inf;0Bsd48kWzEQhkBVKeaLwDe;Glulam-Pino del sur:508 x  762:574643;0,001661;0,032690;0,001661
IfcBeam;Corta fuegos inf;0Bsd48kWzEQhkBVKeaLxsx;Glulam-Pino del sur:508 x  762:580192;0,001661;0,032690;0,001661
IfcBeam;Corta fuegos inf;1ZYorTH51EEPZ$G_HeYaKs;Glulam-Pino del sur:508 x  762:565653;0,001661;0,032690;0,001661
IfcBeam;Corta fuegos inf;0abYA8mSnB49pGaxJfd0wc;Glulam-Pino del sur:508 x  762:527424;0,001661;0,032690;0,001661
IfcBeam;Corta fuegos inf;0abYA8mSnB49pGaxJfd0u0;Glulam-Pino del sur:508 x  762:527590;0,001661;0,032690;0,001661
IfcBeam;Corta fuegos inf;1ZYorTH51EEPZ$G_HeYaG2;Glulam-Pino del sur:508 x  762:565409;0,001661;0,032690;0,001661
IfcBeam;Corta fuegos inf;2vmqESjFX7AQXpwvGj9xa8;Glulam-Pino del sur:508 x  762:748386;0,001661;0,032690;0,001661
IfcBeam;Corta fuegos inf;2blSFVklTC5hPBE2d7jD1X;Glulam-Pino del sur:508 x  762:583642;0,001659;0,032667;0,001659
IfcBeam;Corta fuegos inf;2Fx1YQ7bT3HeEfnnO$IQWe;Glulam-Pino del sur:508 x  762:759232;0,001564;0,030785;0,001564
IfcBeam;Corta fuegos inf;1A4AnO48H7agfsPolKJFJJ;Glulam-Pino del sur:508 x  762:823921;0,001564;0,030785;0,001564
IfcBeam;Corta fuegos inf;1ZYorTH51EEPZ$G_HeYaHz;Glulam-Pino del sur:508 x  762:565470;0,001548;0,030480;0,001548
IfcBeam;Corta fuegos inf;2UPZHC5AL21BMXzelrroGh;Glulam-Pino del sur:508 x  1016:815983;0,001474;0,029022;0,001474
IfcBeam;Corta fuegos inf;2vmqESjFX7AQXpwvGj9xbB;Glulam-Pino del sur:508 x  762:748321;0,001469;0,028926;0,001469
IfcBeam;Corta fuegos inf;1AETc7D1PBRQCfy_gueODP;Glulam-Pino del sur:508 x  1016:601966;0,001383;0,027229;0,001383
IfcBeam;Corta fuegos inf;2blSFVklTC5hPBE2d7jDtq;Glulam-Pino del sur:508 x  1016:584271;0,001346;0,026497;0,001346
IfcBeam;Corta fuegos inf;2vTlNdHrH2jOmEGCEVakDJ;Glulam-Pino del sur:508 x  762:776701;0,001332;0,026213;0,001332
IfcBeam;Corta fuegos inf;2UPZHC5AL21BMXzelrroGq;Glulam-Pino del sur:508 x  762:815984;0,001101;0,021664;0,001101
IfcBeam;Corta fuegos inf;1AETc7D1PBRQCfy_gueOFt;Glulam-Pino del sur:508 x  762:602048;0,001037;0,020422;0,001037
IfcBeam;Corta fuegos inf;2blSFVklTC5hPBE2d7jD0e;Glulam-Pino del sur:508 x  762:583571;0,001010;0,019873;0,001010
IfcBeam;Corta fuegos inf;0Bsd48kWzEQhkBVKeaLzMg;Glulam-Pino del sur:762 x 508:569969;0,000766;0,015088;0,000766
IfcBeam;Corta fuegos inf;1ZYorTH51EEPZ$G_HeYdoX;Glulam-Pino del sur:762 x 508:563202;0,000684;0,013466;0,000684
IfcBeam;Corta fuegos inf;1ZYorTH51EEPZ$G_HeYdBk;Glulam-Pino del sur:762 x 508:562765;0,000666;0,013106;0,000666
IfcBeam;Corta fuegos inf;1ZYorTH51EEPZ$G_HeYd8Y;Glulam-Pino del sur:762 x 508:562817;0,000666;0,013106;0,000666
IfcBeam;Corta fuegos inf;0Bsd48kWzEQhkBVKeaLzeb;Glulam-Pino del sur:762 x 508:572926;0,000666;0,013106;0,000666
IfcBeam;Corta fuegos inf;0Bsd48kWzEQhkBVKeaLw2v;Glulam-Pino del sur:762 x 508:575330;0,000666;0,013106;0,000666
IfcBeam;Corta fuegos inf;1ZYorTH51EEPZ$G_HeYd5e;Glulam-Pino del sur:762 x 508:562635;0,000666;0,013106;0,000666
IfcBeam;Corta fuegos inf;0Bsd48kWzEQhkBVKeaLzKT;Glulam-Pino del sur:762 x 508:570054;0,000666;0,013106;0,000666
IfcBeam;Corta fuegos inf;0Bsd48kWzEQhkBVKeaLzJ9;Glulam-Pino del sur:762 x 508:570130;0,000666;0,013106;0,000666
IfcBeam;Corta fuegos inf;0Bsd48kWzEQhkBVKeaLzcj;Glulam-Pino del sur:762 x 508:573046;0,000666;0,013106;0,000666
IfcBeam;Corta fuegos inf;2blSFVklTC5hPBE2d7jDmL;Glulam-Pino del sur:762 x 508:584622;0,000666;0,013106;0,000666
IfcBeam;Corta fuegos inf;3hGbOGFPjDzRTkDrFwI2Mk;Glulam-Pino del sur:762 x 508:606163;0,000666;0,013106;0,000666
IfcBeam;Corta fuegos inf;3hGbOGFPjDzRTkDrFwI5u_;Glulam-Pino del sur:762 x 508:607299;0,000666;0,013106;0,000666
IfcBeam;Corta fuegos inf;2D_MstZEL04Rg$H65zINTQ;Glulam-Pino del sur:762 x 508:838242;0,000666;0,013106;0,000666
IfcBeam;Corta fuegos inf;1oDoWiI5XAsBFQwrrqz2fp;Glulam-Pino del sur:762 x 508:844409;0,000666;0,013106;0,000666
IfcBeam;Corta fuegos inf;3hGbOGFPjDzRTkDrFwI2Nx;Glulam-Pino del sur:762 x 508:606086;0,000666;0,013106;0,000666
IfcBeam;Corta fuegos inf;1ZYorTH51EEPZ$G_HeYd$4;Glulam-Pino del sur:762 x 508:564071;0,000666;0,013106;0,000666
IfcBeam;Corta fuegos inf;1oDoWiI5XAsBFQwrrqz2dz;Glulam-Pino del sur:762 x 508:844279;0,000666;0,013106;0,000666
IfcBeam;Corta fuegos inf;1tgHqkfxHEbPVIqT2cvcZ0;Glulam-Pino del sur:762 x 508:851846;0,000666;0,013106;0,000666
IfcBeam;Corta fuegos inf;0Bsd48kWzEQhkBVKeaLzbf;Glulam-Pino del sur:762 x 508:573106;0,000666;0,013106;0,000666
IfcBeam;Corta fuegos inf;1tgHqkfxHEbPVIqT2cvvOL;Glulam-Pino del sur:762 x 508:852307;0,000666;0,013106;0,000666
IfcBeam;Corta fuegos inf;1tgHqkfxHEbPVIqT2cvvOI;Glulam-Pino del sur:762 x 508:852308;0,000666;0,013106;0,000666
IfcBeam;Corta fuegos inf;0Bsd48kWzEQhkBVKeaLzbN;Glulam-Pino del sur:762 x 508:573068;0,000666;0,013106;0,000666
IfcBeam;Corta fuegos inf;0Bsd48kWzEQhkBVKeaLzaB;Glulam-Pino del sur:762 x 508:573136;0,000666;0,013106;0,000666
IfcBeam;Corta fuegos inf;0Bsd48kWzEQhkBVKeaLzay;Glulam-Pino del sur:762 x 508:573159;0,000666;0,013106;0,000666
IfcBeam;Corta fuegos inf;0Bsd48kWzEQhkBVKeaLzZE;Glulam-Pino del sur:762 x 508:573205;0,000666;0,013106;0,000666
IfcBeam;Corta fuegos inf;2blSFVklTC5hPBE2d7jDlS;Glulam-Pino del sur:762 x 508:584807;0,000666;0,013106;0,000666
IfcBeam;Corta fuegos inf;2blSFVklTC5hPBE2d7jDjW;Glulam-Pino del sur:762 x 508:584923;0,000666;0,013106;0,000666
IfcBeam;Corta fuegos inf;0Bsd48kWzEQhkBVKeaLw$y;Glulam-Pino del sur:762 x 508:575527;0,000666;0,013106;0,000666
IfcBeam;Corta fuegos inf;0Bsd48kWzEQhkBVKeaLw_p;Glulam-Pino del sur:762 x 508:575592;0,000666;0,013106;0,000666
IfcBeam;Corta fuegos inf;0Bsd48kWzEQhkBVKeaLwwq;Glulam-Pino del sur:762 x 508:575855;0,000666;0,013106;0,000666
IfcBeam;Corta fuegos inf;11hGI9g8T8Dge2WVwD1dF3;Glulam-Pino del sur:762 x 508:730476;0,000666;0,013106;0,000666
IfcBeam;Corta fuegos inf;2UPZHC5AL21BMXzelrrpBT;Glulam-Pino del sur:762 x 508:812441;0,000666;0,013106;0,000666
IfcBeam;Corta fuegos inf;2UPZHC5AL21BMXzelrrp6w;Glulam-Pino del sur:762 x 508:812798;0,000665;0,013099;0,000665
IfcBeam;Corta fuegos inf;2blSFVklTC5hPBE2d7jDgh;Glulam-Pino del sur:762 x 508:584976;0,000662;0,013030;0,000662
IfcBeam;Corta fuegos inf;2UPZHC5AL21BMXzelrrpcX;Glulam-Pino del sur:762 x 508:814821;0,000662;0,013030;0,000662
IfcBeam;Corta fuegos inf;0Bsd48kWzEQhkBVKeaLw1s;Glulam-Pino del sur:762 x 508:575405;0,000662;0,013030;0,000662
IfcBeam;Corta fuegos inf;0Bsd48kWzEQhkBVKeaLw0N;Glulam-Pino del sur:762 x 508:575436;0,000662;0,013030;0,000662
IfcBeam;Corta fuegos inf;2Fx1YQ7bT3HeEfnnO$IQ3D;Glulam-Pino del sur:762 x 508:761125;0,000662;0,013030;0,000662
IfcBeam;Corta fuegos inf;3Nc8k3oVLENBa_opEUH4b1;Glulam-Pino del sur:762 x 508:805588;0,000662;0,013030;0,000662
IfcBeam;Corta fuegos inf;1ZYorTH51EEPZ$G_HeYdqI;Glulam-Pino del sur:762 x 508:563633;0,000662;0,013030;0,000662
IfcBeam;Corta fuegos inf;1ZYorTH51EEPZ$G_HeYdrN;Glulam-Pino del sur:762 x 508:563700;0,000662;0,013030;0,000662
IfcBeam;Corta fuegos inf;1ZYorTH51EEPZ$G_HeYd_a;Glulam-Pino del sur:762 x 508:563975;0,000662;0,013030;0,000662
IfcBeam;Corta fuegos inf;1ZYorTH51EEPZ$G_HeYdCt;Glulam-Pino del sur:762 x 508:563092;0,000662;0,013030;0,000662
IfcBeam;Corta fuegos inf;1ZYorTH51EEPZ$G_HeYdDx;Glulam-Pino del sur:762 x 508:563160;0,000662;0,013030;0,000662
IfcBeam;Corta fuegos inf;1ZYorTH51EEPZ$G_HeYdqt;Glulam-Pino del sur:762 x 508:563604;0,000662;0,013030;0,000662
IfcBeam;Corta fuegos inf;1ZYorTH51EEPZ$G_HeYdmk;Glulam-Pino del sur:762 x 508:563341;0,000662;0,013030;0,000662
IfcBeam;Corta fuegos inf;0Bsd48kWzEQhkBVKeaLzDM;Glulam-Pino del sur:762 x 508:570509;0,000662;0,013030;0,000662
IfcBeam;Corta fuegos inf;0Bsd48kWzEQhkBVKeaLzEm;Glulam-Pino del sur:762 x 508:570475;0,000662;0,013030;0,000662
IfcBeam;Corta fuegos inf;0Bsd48kWzEQhkBVKeaLzDX;Glulam-Pino del sur:762 x 508:570554;0,000662;0,013030;0,000662
IfcBeam;Corta fuegos inf;1ZYorTH51EEPZ$G_HeYdCD;Glulam-Pino del sur:762 x 508:563118;0,000662;0,013030;0,000662
IfcBeam;Corta fuegos inf;0Bsd48kWzEQhkBVKeaLzFp;Glulam-Pino del sur:762 x 508:570408;0,000662;0,013030;0,000662
IfcBeam;Corta fuegos inf;0Bsd48kWzEQhkBVKeaLw_I;Glulam-Pino del sur:762 x 508:575561;0,000662;0,013030;0,000662
IfcBeam;Corta fuegos inf;1ZYorTH51EEPZ$G_HeYdmI;Glulam-Pino del sur:762 x 508:563377;0,000662;0,013030;0,000662
IfcBeam;Corta fuegos inf;2blSFVklTC5hPBE2d7jDh4;Glulam-Pino del sur:762 x 508:585087;0,000662;0,013030;0,000662
IfcBeam;Corta fuegos inf;2blSFVklTC5hPBE2d7jDeC;Glulam-Pino del sur:762 x 508:585143;0,000662;0,013030;0,000662
IfcBeam;Corta fuegos inf;1ZYorTH51EEPZ$G_HeYdo9;Glulam-Pino del sur:762 x 508:563242;0,000662;0,013030;0,000662
IfcBeam;Corta fuegos inf;3hGbOGFPjDzRTkDrFwI2IW;Glulam-Pino del sur:762 x 508:605917;0,000662;0,013030;0,000662
IfcBeam;Corta fuegos inf;1XyRjTmDTBrRNWyysfHU3I;Glulam-Pino del sur:762 x 508:727061;0,000662;0,013030;0,000662
IfcBeam;Corta fuegos inf;1ZYorTH51EEPZ$G_HeYdv4;Glulam-Pino del sur:762 x 508:563943;0,000662;0,013030;0,000662
IfcBeam;Corta fuegos inf;0Bsd48kWzEQhkBVKeaLw$P;Glulam-Pino del sur:762 x 508:575490;0,000662;0,013030;0,000662
IfcBeam;Corta fuegos inf;0Bsd48kWzEQhkBVKeaLzd_;Glulam-Pino del sur:762 x 508:572965;0,000662;0,013030;0,000662
IfcBeam;Corta fuegos inf;0Bsd48kWzEQhkBVKeaLzcS;Glulam-Pino del sur:762 x 508:572999;0,000662;0,013030;0,000662
IfcBeam;Corta fuegos inf;2blSFVklTC5hPBE2d7jDnd;Glulam-Pino del sur:762 x 508:584668;0,000646;0,012725;0,000646
IfcBeam;Corta fuegos inf;2blSFVklTC5hPBE2d7jCA4;Glulam-Pino del sur:1016 x 508:587071;0,000490;0,009652;0,000490
IfcBeam;Corta fuegos inf;2blSFVklTC5hPBE2d7jC8g;Glulam-Pino del sur:508 x  762:587153;0,000465;0,009144;0,000465
IfcBeam;Corta fuegos inf;2Fx1YQ7bT3HeEfnnO$IQ7T;Glulam-Pino del sur:508 x  1016:760885;0,000284;0,005588;0,000284
IfcBeam;Dintel Bastido Sur;1375eEeY5DAPHpuH$kVbuk;Glulam-Pino del sur:508 x  1016:797717;0,020587;0,405262;0,020587
IfcBeam;Dintel Bastido Sur;2UPZHC5AL21BMXzelrrmGJ;Glulam-Pino del sur:508 x  1016:807767;0,020343;0,400450;0,020343
IfcBeam;Dintel Bastido Sur;1375eEeY5DAPHpuH$kVbZs;Glulam-Pino del sur:508 x  762:797389;0,015440;0,303947;0,015440
IfcBeam;Dintel Bastido Sur;2UPZHC5AL21BMXzelrrmGS;Glulam-Pino del sur:508 x  762:807768;0,015012;0,295521;0,015012
IfcBeam;Dintel Bastido Sur;2e0ZMIeVfD68S7bJpOK0Kg;Glulam-Pino del sur:508 x  762:818545;0,001010;0,019888;0,001010
IfcBeam;Dintel Bastido Sur;2e0ZMIeVfD68S7bJpOK0Kn;Glulam-Pino del sur:508 x  762:818538;0,001010;0,019888;0,001010
IfcBeam;Dintel Bastido Sur;2e0ZMIeVfD68S7bJpOK0Km;Glulam-Pino del sur:508 x  762:818539;0,001010;0,019888;0,001010
IfcBeam;Dintel Bastido Sur;2e0ZMIeVfD68S7bJpOK0Ks;Glulam-Pino del sur:508 x  762:818541;0,001010;0,019888;0,001010
IfcBeam;Dintel Bastido Sur;2e0ZMIeVfD68S7bJpOK0Kr;Glulam-Pino del sur:508 x  762:818542;0,001010;0,019888;0,001010
IfcBeam;Dintel Bastido Sur;2e0ZMIeVfD68S7bJpOK0Kq;Glulam-Pino del sur:508 x  762:818543;0,001010;0,019888;0,001010
IfcBeam;Dintel Bastido Sur;2e0ZMIeVfD68S7bJpOK0Kh;Glulam-Pino del sur:508 x  762:818544;0,000859;0,016916;0,000859
IfcBeam;Dintel Bastido Sur;2e0ZMIeVfD68S7bJpOK0Kf;Glulam-Pino del sur:508 x  762:818546;0,000662;0,013030;0,000662
IfcBeam;Dintel Bastido Sur;2e0ZMIeVfD68S7bJpOK0Kt;Glulam-Pino del sur:508 x  762:818540;0,000367;0,007224;0,000367
IfcBeam;Dintel Bastidor este;2CHu75xVrEVftyAxtBTxUn;Glulam-Pino del sur:1016 x 508 BIs:829961;0,008026;0,157988;0,008026
IfcBeam;Dintel Bastidor este;2CHu75xVrEVftyAxtBTx1D;Glulam-Pino del sur:1016 x 508 BIs:830965;0,007881;0,155128;0,007881
IfcBeam;Dintel Bastidor este;2CHu75xVrEVftyAxtBTx6u;Glulam-Pino del sur:1016 x 508 BIs:830464;0,007877;0,155052;0,007877
IfcBeam;Dintel Bastidor este;2CHu75xVrEVftyAxtBTxk5;Glulam-Pino del sur:1016 x 508:828989;0,007786;0,153269;0,007786
IfcBeam;Dintel Bastidor este;2CHu75xVrEVftyAxtBTxaA;Glulam-Pino del sur:1016 x 508 BIs:828594;0,007786;0,153258;0,007786
IfcBeam;Dintel Bastidor este;2CHu75xVrEVftyAxtBTx$w;Glulam-Pino del sur:1016 x 508 BIs:827970;0,007785;0,153252;0,007785
IfcBeam;Dintel Bastidor este;2CHu75xVrEVftyAxtBTx2s;Glulam-Pino del sur:1016 x 508 BIs:830734;0,007785;0,153250;0,007785
IfcBeam;Nivel 0;1ZYorTH51EEPZ$G_HeYdXM;Glulam-Pino del sur:508 x  1016:564469;0,053848;1,060009;0,053848
IfcBeam;Nivel 0;0AEyoxdL90o9Q0CTwSck9v;"Glulam-Pino del sur:2""X6"":629261";0,045012;0,886054;0,045012
IfcBeam;Nivel 0;2blSFVklTC5hPBE2d7jDTT;Glulam-Pino del sur:508 x  1016:581862;0,041570;0,818312;0,041570
IfcBeam;Nivel 0;2bX0VERnfEG9_qoe0EtLUk;"Glulam-Pino del sur:2""X6"":628269";0,040767;0,802502;0,040767
IfcBeam;Nivel 0;2bX0VERnfEG9_qoe0EtLUa;"Glulam-Pino del sur:2""X6"":628263";0,040580;0,798827;0,040580
IfcBeam;Nivel 0;2bX0VERnfEG9_qoe0EtLUh;"Glulam-Pino del sur:2""X6"":628264";0,040580;0,798827;0,040580
IfcBeam;Nivel 0;2bX0VERnfEG9_qoe0EtLUg;"Glulam-Pino del sur:2""X6"":628265";0,040580;0,798827;0,040580
IfcBeam;Nivel 0;2bX0VERnfEG9_qoe0EtLUc;"Glulam-Pino del sur:2""X6"":628261";0,040580;0,798827;0,040580
IfcBeam;Nivel 0;2bX0VERnfEG9_qoe0EtLUb;"Glulam-Pino del sur:2""X6"":628262";0,040580;0,798827;0,040580
IfcBeam;Nivel 0;2bX0VERnfEG9_qoe0EtLUd;"Glulam-Pino del sur:2""X6"":628260";0,040580;0,798827;0,040580
IfcBeam;Nivel 0;2bX0VERnfEG9_qoe0EtLUf;"Glulam-Pino del sur:2""X6"":628266";0,040580;0,798827;0,040580
IfcBeam;Nivel 0;2bX0VERnfEG9_qoe0EtLUY;"Glulam-Pino del sur:2""X6"":628257";0,040580;0,798827;0,040580
IfcBeam;Nivel 0;2bX0VERnfEG9_qoe0EtLUS;"Glulam-Pino del sur:2""X6"":628255";0,040580;0,798827;0,040580
IfcBeam;Nivel 0;2bX0VERnfEG9_qoe0EtLUZ;"Glulam-Pino del sur:2""X6"":628256";0,040580;0,798827;0,040580
IfcBeam;Nivel 0;2bX0VERnfEG9_qoe0EtLUW;"Glulam-Pino del sur:2""X6"":628259";0,040580;0,798827;0,040580
IfcBeam;Nivel 0;2bX0VERnfEG9_qoe0EtLUe;"Glulam-Pino del sur:2""X6"":628267";0,040529;0,797808;0,040529
IfcBeam;Nivel 0;2bX0VERnfEG9_qoe0EtLUl;"Glulam-Pino del sur:2""X6"":628268";0,040509;0,797416;0,040509
IfcBeam;Nivel 0;1ZYorTH51EEPZ$G_HeYdZJ;Glulam-Pino del sur:508 x  762:564336;0,040387;0,795014;0,040387
IfcBeam;Nivel 0;0Bsd48kWzEQhkBVKeaLuUb;Glulam-Pino del sur:508 x  762:581758;0,031170;0,613579;0,031170
IfcBeam;Nivel 0;2bX0VERnfEG9_qoe0EtLUX;"Glulam-Pino del sur:2""X6"":628258";0,029747;0,780754;0,029747
IfcBeam;Nivel 0;1ZYorTH51EEPZ$G_HeYajw;Glulam-Pino del sur:508 x  1016:569305;0,025576;0,503458;0,025576
IfcBeam;Nivel 0;0Bsd48kWzEQhkBVKeaLwaQ;Glulam-Pino del sur:1016 x 508:577217;0,022132;0,435661;0,022132
IfcBeam;Nivel 0;1ZYorTH51EEPZ$G_HeYaXB;Glulam-Pino del sur:508 x  762:568552;0,020138;0,396408;0,020138
IfcBeam;Nivel 0;0Bsd48kWzEQhkBVKeaLwRi;Glulam-Pino del sur:508 x  1016:573751;0,019868;0,391099;0,019868
IfcBeam;Nivel 0;1ZYorTH51EEPZ$G_HeYddP;Glulam-Pino del sur:508 x  1016:564602;0,019108;0,376144;0,019108
IfcBeam;Nivel 0;1ZYorTH51EEPZ$G_HeYdeY;Glulam-Pino del sur:508 x  762:564865;0,016990;0,334457;0,016990
IfcBeam;Nivel 0;0Bsd48kWzEQhkBVKeaLwje;Glulam-Pino del sur:508 x  762:576691;0,015929;0,313555;0,015929
IfcBeam;Nivel 0;0Bsd48kWzEQhkBVKeaLwVh;Glulam-Pino del sur:508 x  762:573488;0,014536;0,286146;0,014536
IfcBeam;Nivel 0;1375eEeY5DAPHpuH$kVbZt;Glulam-Pino del sur:1016 x 508:797388;0,006709;0,132058;0,006709
IfcBeam;Nivel 0;2UPZHC5AL21BMXzelrrmo5;Glulam-Pino del sur:1016 x 508:809921;0,006709;0,132058;0,006709
IfcBeam;Nivel 0;2UPZHC5AL21BMXzelrrmmI;Glulam-Pino del sur:508 x  1016:809814;0,005356;0,105440;0,005356
IfcBeam;Nivel 0;1375eEeY5DAPHpuH$kVbZ6;Glulam-Pino del sur:508 x  762:797437;0,005031;0,099040;0,005031
IfcBeam;Nivel 0;2UPZHC5AL21BMXzelrrmo7;Glulam-Pino del sur:508 x  762:809923;0,005031;0,099040;0,005031
IfcBeam;Nivel 0;2UPZHC5AL21BMXzelrrp2e;Glulam-Pino del sur:508 x  762:813036;0,004209;0,082852;0,004209
IfcBeam;Nivel 0;2UPZHC5AL21BMXzelrrmmH;Glulam-Pino del sur:508 x  762:809813;0,004020;0,079126;0,004020
IfcBeam;Nivel 0;1QghEwSoPF9xBA9fUBsdih;"Glulam-Pino del sur:1"" x 1"":681861";0,004000;0,314960;0,004000
IfcBeam;Nivel 0;1tgHqkfxHEbPVIqT2cvc8t;Glulam-Pino del sur:1016 x 508 BIs:849265;0,003902;0,076810;0,003902
IfcBeam;Nivel 0;1oDoWiI5XAsBFQwrrqz226;Glulam-Pino del sur:508 x  1016:845964;0,003800;0,074798;0,003800
IfcBeam;Nivel 0;1tgHqkfxHEbPVIqT2cvc8q;Glulam-Pino del sur:1016 x 508 BIs:849266;0,003644;0,071730;0,003644
IfcBeam;Nivel 0;1tgHqkfxHEbPVIqT2cvc8f;Glulam-Pino del sur:508 x  1016:849263;0,003644;0,071730;0,003644
IfcBeam;Nivel 0;1tgHqkfxHEbPVIqT2cvc8p;Glulam-Pino del sur:508 x  1016:849269;0,003644;0,071730;0,003644
IfcBeam;Nivel 0;1tgHqkfxHEbPVIqT2cvc66;Glulam-Pino del sur:508 x  1016:849600;0,003639;0,071624;0,003639
IfcBeam;Nivel 0;1oDoWiI5XAsBFQwrrqz22_;Glulam-Pino del sur:508 x  762:846004;0,003239;0,063764;0,003239
IfcBeam;Nivel 0;1tgHqkfxHEbPVIqT2cvc8e;Glulam-Pino del sur:508 x  762:849262;0,002926;0,057607;0,002926
IfcBeam;Nivel 0;1tgHqkfxHEbPVIqT2cvc8o;Glulam-Pino del sur:508 x  762:849268;0,002926;0,057607;0,002926
IfcBeam;Nivel 0;31CVGmJljB$9y9Dcxjqxnw;Glulam-Pino del sur:508 x  1016:740643;0,002738;0,053899;0,002738
IfcBeam;Nivel 0;1tgHqkfxHEbPVIqT2cvc67;Glulam-Pino del sur:508 x  762:849601;0,002732;0,053770;0,002732
IfcBeam;Nivel 0;2UPZHC5AL21BMXzelrroQS;Glulam-Pino del sur:508 x  762:815576;0,002076;0,040874;0,002076
IfcBeam;Nivel 0;31CVGmJljB$9y9Dcxjqxvi;Glulam-Pino del sur:508 x  762:741173;0,002042;0,040188;0,002042
IfcBeam;Nivel 0;0VpbSz5F1Bi97_J5zOvYQl;Glulam-Pino del sur:508 x  762:616125;0,001359;0,026746;0,001359
IfcBeam;Nivel 0;0VpbSz5F1Bi97_J5zOvYDZ;Glulam-Pino del sur:508 x  762:615281;0,001057;0,020803;0,001057
IfcBeam;Nivel 0;0VpbSz5F1Bi97_J5zOvYBd;Glulam-Pino del sur:508 x  762:615157;0,000957;0,018837;0,000957
IfcBeam;Nivel 0;0VpbSz5F1Bi97_J5zOvYJd;Glulam-Pino del sur:508 x  1016:615669;0,000883;0,017374;0,000883
IfcBeam;Nivel 0;0VpbSz5F1Bi97_J5zOvYV7;Glulam-Pino del sur:508 x  762:616405;0,000794;0,015621;0,000794
IfcBeam;Nivel 0;0VpbSz5F1Bi97_J5zOvY$J;Glulam-Pino del sur:508 x  762:618433;0,000670;0,013198;0,000670
IfcBeam;Nivel 0;2P1S7tZ5jAZwV_yzGZLCIn;Glulam-Pino del sur:762 x 508:820738;0,000666;0,013106;0,000666
IfcBeam;Nivel 0;0VpbSz5F1Bi97_J5zOvY8N;Glulam-Pino del sur:508 x  762:614917;0,000664;0,013064;0,000664
IfcBeam;Nivel 0;0VpbSz5F1Bi97_J5zOvYD7;Glulam-Pino del sur:762 x 508:615253;0,000662;0,013030;0,000662
IfcBeam;Nivel 0;2Fx1YQ7bT3HeEfnnO$IQSh;Glulam-Pino del sur:762 x 508:760515;0,000662;0,013030;0,000662
IfcBeam;Nivel 0;0Nh3lD4nDDtvccH2aedGI_;Glulam-Pino del sur:762 x 508:764552;0,000662;0,013030;0,000662
IfcBeam;Nivel 0;2Fx1YQ7bT3HeEfnnO$IQSi;Glulam-Pino del sur:762 x 508:760516;0,000662;0,013030;0,000662
IfcBeam;Nivel 0;0VpbSz5F1Bi97_J5zOvYUZ;Glulam-Pino del sur:508 x  762:616369;0,000662;0,013030;0,000662
IfcBeam;Nivel 0;0VpbSz5F1Bi97_J5zOvYVR;Glulam-Pino del sur:508 x  762:616393;0,000662;0,013030;0,000662
IfcBeam;Nivel 0;2UPZHC5AL21BMXzelrrpBU;Glulam-Pino del sur:508 x  762:812442;0,000662;0,013030;0,000662
IfcBeam;Nivel 0;0VpbSz5F1Bi97_J5zOvYDR;Glulam-Pino del sur:508 x  762:615241;0,000662;0,013030;0,000662
IfcBeam;Nivel 0;2e0ZMIeVfD68S7bJpOK0Jb;Glulam-Pino del sur:508 x  762:818366;0,000662;0,013030;0,000662
IfcBeam;Nivel 0;2Fx1YQ7bT3HeEfnnO$IQQj;Glulam-Pino del sur:508 x  762:760645;0,000662;0,013030;0,000662
IfcBeam;Nivel 0;3Nc8k3oVLENBa_opEUH4b0;Glulam-Pino del sur:508 x  762:805589;0,000662;0,013030;0,000662
IfcBeam;Nivel 0;0VpbSz5F1Bi97_J5zOvY5x;Glulam-Pino del sur:508 x  762:614761;0,000662;0,013030;0,000662
IfcBeam;Nivel 0;0VpbSz5F1Bi97_J5zOvYUt;Glulam-Pino del sur:508 x  762:616357;0,000662;0,013030;0,000662
IfcBeam;Nivel 0;0VpbSz5F1Bi97_J5zOvY6B;Glulam-Pino del sur:508 x  762:614809;0,000662;0,013030;0,000662
IfcBeam;Nivel 0;0VpbSz5F1Bi97_J5zOvY6J;Glulam-Pino del sur:508 x  762:614785;0,000662;0,013030;0,000662
IfcBeam;Nivel 0;0VpbSz5F1Bi97_J5zOvYTd;Glulam-Pino del sur:508 x  762:616309;0,000662;0,013030;0,000662
IfcBeam;Nivel 0;3Nc8k3oVLENBa_opEUH3gA;Glulam-Pino del sur:508 x  762:801055;0,000662;0,013030;0,000662
IfcBeam;Nivel 0;0VpbSz5F1Bi97_J5zOvY5d;Glulam-Pino del sur:508 x  762:614773;0,000662;0,013030;0,000662
IfcBeam;Nivel 0;0VpbSz5F1Bi97_J5zOvY6V;Glulam-Pino del sur:508 x  762:614797;0,000662;0,013030;0,000662
IfcBeam;Nivel 0;0VpbSz5F1Bi97_J5zOvYCl;Glulam-Pino del sur:508 x  762:615229;0,000662;0,013030;0,000662
IfcBeam;Nivel 0;0VpbSz5F1Bi97_J5zOvYNn;Glulam-Pino del sur:508 x  762:615907;0,000662;0,013030;0,000662
IfcBeam;Nivel 0;2e0ZMIeVfD68S7bJpOK0Jl;Glulam-Pino del sur:508 x  762:818356;0,000662;0,013030;0,000662
IfcBeam;Nivel 0;0VpbSz5F1Bi97_J5zOvYCZ;Glulam-Pino del sur:508 x  762:615217;0,000662;0,013030;0,000662
IfcBeam;Nivel 0;0VpbSz5F1Bi97_J5zOvY47;Glulam-Pino del sur:508 x  762:614677;0,000662;0,013030;0,000662
IfcBeam;Nivel 0;0VpbSz5F1Bi97_J5zOvY4p;Glulam-Pino del sur:508 x  762:614689;0,000662;0,013030;0,000662
IfcBeam;Nivel 0;0VpbSz5F1Bi97_J5zOvY4$;Glulam-Pino del sur:508 x  762:614701;0,000662;0,013030;0,000662
IfcBeam;Nivel 0;0VpbSz5F1Bi97_J5zOvY4h;Glulam-Pino del sur:508 x  762:614713;0,000662;0,013030;0,000662
IfcBeam;Nivel 0;0VpbSz5F1Bi97_J5zOvY7R;Glulam-Pino del sur:508 x  762:614857;0,000662;0,013030;0,000662
IfcBeam;Nivel 0;0VpbSz5F1Bi97_J5zOvY7p;Glulam-Pino del sur:508 x  762:614881;0,000662;0,013030;0,000662
IfcBeam;Nivel 0;0VpbSz5F1Bi97_J5zOvY7$;Glulam-Pino del sur:508 x  762:614893;0,000662;0,013030;0,000662
IfcBeam;Nivel 0;0VpbSz5F1Bi97_J5zOvY7h;Glulam-Pino del sur:508 x  762:614905;0,000662;0,013030;0,000662
IfcBeam;Nivel 0;0VpbSz5F1Bi97_J5zOvYCJ;Glulam-Pino del sur:508 x  762:615169;0,000662;0,013030;0,000662
IfcBeam;Nivel 0;0VpbSz5F1Bi97_J5zOvYCV;Glulam-Pino del sur:508 x  762:615181;0,000662;0,013030;0,000662
IfcBeam;Nivel 0;0VpbSz5F1Bi97_J5zOvYCB;Glulam-Pino del sur:508 x  762:615193;0,000662;0,013030;0,000662
IfcBeam;Nivel 0;0VpbSz5F1Bi97_J5zOvYRl;Glulam-Pino del sur:508 x  762:616189;0,000662;0,013030;0,000662
IfcBeam;Nivel 0;3Nc8k3oVLENBa_opEUH3tY;Glulam-Pino del sur:508 x  762:802423;0,000662;0,013030;0,000662
IfcBeam;Nivel 0;0VpbSz5F1Bi97_J5zOvYCt;Glulam-Pino del sur:508 x  762:615205;0,000662;0,013030;0,000662
IfcBeam;Nivel 0;0VpbSz5F1Bi97_J5zOvYHy;Glulam-Pino del sur:508 x  762:615534;0,000662;0,013030;0,000662
IfcBeam;Nivel 0;0VpbSz5F1Bi97_J5zOvYNP;Glulam-Pino del sur:508 x  762:615883;0,000662;0,013030;0,000662
IfcBeam;Nivel 0;0VpbSz5F1Bi97_J5zOvYQB;Glulam-Pino del sur:508 x  762:616089;0,000662;0,013030;0,000662
IfcBeam;Nivel 0;2Fx1YQ7bT3HeEfnnO$IQ3E;Glulam-Pino del sur:508 x  762:761126;0,000662;0,013030;0,000662
IfcBeam;Nivel 0;0VpbSz5F1Bi97_J5zOvYUB;Glulam-Pino del sur:508 x  762:616345;0,000662;0,013030;0,000662
IfcBeam;Nivel 0;0VpbSz5F1Bi97_J5zOvY5N;Glulam-Pino del sur:508 x  762:614725;0,000662;0,013030;0,000662
IfcBeam;Nivel 0;0VpbSz5F1Bi97_J5zOvY5F;Glulam-Pino del sur:508 x  762:614749;0,000662;0,013030;0,000662
IfcBeam;Nivel 0;0VpbSz5F1Bi97_J5zOvY6Z;Glulam-Pino del sur:508 x  762:614833;0,000662;0,013030;0,000662
IfcBeam;Nivel 0;0VpbSz5F1Bi97_J5zOvY6l;Glulam-Pino del sur:508 x  762:614845;0,000662;0,013030;0,000662
IfcBeam;Nivel 0;0VpbSz5F1Bi97_J5zOvY53;Glulam-Pino del sur:508 x  762:614737;0,000662;0,013030;0,000662
IfcBeam;Nivel 0;0VpbSz5F1Bi97_J5zOvY6t;Glulam-Pino del sur:508 x  762:614821;0,000662;0,013030;0,000662
IfcBeam;Nivel 0;0VpbSz5F1Bi97_J5zOvYN5;Glulam-Pino del sur:508 x  762:615895;0,000662;0,013030;0,000662
IfcBeam;Nivel 0;0VpbSz5F1Bi97_J5zOvYPx;Glulam-Pino del sur:508 x  762:616041;0,000662;0,013030;0,000662
IfcBeam;Nivel 0;0VpbSz5F1Bi97_J5zOvYPd;Glulam-Pino del sur:508 x  762:616053;0,000662;0,013030;0,000662
IfcBeam;Nivel 0;1a8P5_QNH6xPtC21V1Vy$5;Glulam-Pino del sur:508 x  762:790698;0,000662;0,013030;0,000662
IfcBeam;Nivel 0;0VpbSz5F1Bi97_J5zOvYSR;Glulam-Pino del sur:508 x  762:616201;0,000662;0,013030;0,000662
IfcBeam;Nivel 0;0VpbSz5F1Bi97_J5zOvYNz;Glulam-Pino del sur:508 x  762:615919;0,000662;0,013030;0,000662
IfcBeam;Nivel 0;0VpbSz5F1Bi97_J5zOvYNf;Glulam-Pino del sur:508 x  762:615931;0,000662;0,013030;0,000662
IfcBeam;Nivel 0;0VpbSz5F1Bi97_J5zOvYO1;Glulam-Pino del sur:508 x  762:615955;0,000662;0,013030;0,000662
IfcBeam;Nivel 0;0VpbSz5F1Bi97_J5zOvYOD;Glulam-Pino del sur:508 x  762:615967;0,000662;0,013030;0,000662
IfcBeam;Nivel 0;2UPZHC5AL21BMXzelrrpcY;Glulam-Pino del sur:508 x  762:814822;0,000662;0,013030;0,000662
IfcBeam;Nivel 0;2UPZHC5AL21BMXzelrro_M;Glulam-Pino del sur:508 x  762:817362;0,000662;0,013030;0,000662
IfcBeam;Nivel 0;2UPZHC5AL21BMXzelrro_Q;Glulam-Pino del sur:508 x  762:817374;0,000662;0,013030;0,000662
IfcBeam;Nivel 0;0VpbSz5F1Bi97_J5zOvYDj;Glulam-Pino del sur:508 x  762:615295;0,000662;0,013030;0,000662
IfcBeam;Nivel 0;0VpbSz5F1Bi97_J5zOvYGB;Glulam-Pino del sur:508 x  762:615449;0,000662;0,013030;0,000662
IfcBeam;Nivel 0;0VpbSz5F1Bi97_J5zOvYGt;Glulam-Pino del sur:508 x  762:615461;0,000662;0,013030;0,000662
IfcBeam;Nivel 0;0VpbSz5F1Bi97_J5zOvYGZ;Glulam-Pino del sur:508 x  762:615473;0,000662;0,013030;0,000662
IfcBeam;Nivel 0;0VpbSz5F1Bi97_J5zOvYGl;Glulam-Pino del sur:508 x  762:615485;0,000662;0,013030;0,000662
IfcBeam;Nivel 0;0VpbSz5F1Bi97_J5zOvYHm;Glulam-Pino del sur:508 x  762:615522;0,000662;0,013030;0,000662
IfcBeam;Nivel 0;0VpbSz5F1Bi97_J5zOvYOL;Glulam-Pino del sur:508 x  762:615943;0,000662;0,013030;0,000662
IfcBeam;Nivel 0;0VpbSz5F1Bi97_J5zOvYH4;Glulam-Pino del sur:508 x  762:615510;0,000662;0,013030;0,000662
IfcBeam;Nivel 0;0VpbSz5F1Bi97_J5zOvYQJ;Glulam-Pino del sur:508 x  762:616065;0,000662;0,013030;0,000662
IfcBeam;Nivel 0;0VpbSz5F1Bi97_J5zOvYSh;Glulam-Pino del sur:508 x  762:616249;0,000661;0,013015;0,000661
IfcBeam;Nivel 0;0VpbSz5F1Bi97_J5zOvYiO;Glulam-Pino del sur:508 x  762:617226;0,000658;0,012954;0,000658
IfcBeam;Nivel 0;0VpbSz5F1Bi97_J5zOvYHe;Glulam-Pino del sur:508 x  762:615546;0,000654;0,012878;0,000654
IfcBeam;Nivel 0;0VpbSz5F1Bi97_J5zOvYHR;Glulam-Pino del sur:508 x  762:615497;0,000654;0,012878;0,000654
IfcBeam;Nivel 0;0VpbSz5F1Bi97_J5zOvYL2;Glulam-Pino del sur:508 x  762:615760;0,000466;0,009182;0,000466
IfcBeam;Nivel 0;0VpbSz5F1Bi97_J5zOvYLE;Glulam-Pino del sur:508 x  762:615772;0,000466;0,009182;0,000466
IfcBeam;Nivel 0;2vTlNdHrH2jOmEGCEVak8s;Glulam-Pino del sur:508 x  762:776344;0,000466;0,009178;0,000466
IfcBeam;vigas madera piso (PARA LAMINA);3j1_oY$g91J8V9gcMpuNAu;"Glulam-Pino del sur:2""X6"":613824";0,081665;1,607575;0,081665
IfcBeam;vigas madera piso (PARA LAMINA);1DqJnqpMDBxgN2BHielLMa;"Glulam-Pino del sur:2""X6"":513864";0,081511;1,604538;0,081511
IfcBeam;vigas madera piso (PARA LAMINA);1DqJnqpMDBxgN2BHielLNH;"Glulam-Pino del sur:2""X6"":513853";0,081507;1,604467;0,081507
IfcBeam;vigas madera piso (PARA LAMINA);1DqJnqpMDBxgN2BHielLMp;"Glulam-Pino del sur:2""X6"":513887";0,041110;0,809244;0,041110
IfcBeam;vigas madera piso (PARA LAMINA);1DqJnqpMDBxgN2BHielLM$;"Glulam-Pino del sur:2""X6"":513875";0,041110;0,809244;0,041110
IfcBuildingElementProxy;Nivel 0;1f$5C$ZpLDRhOdPXAFfdJ$;Texto de modelo:600mm Arial:660598;0,029431;0,361197;
IfcBuildingElementProxy;Nivel 0;0LjyzBIVf4fvXTo7UGQ7Vm;Texto de modelo:600mm Arial:657900;0,029431;0,361197;
IfcBuildingElementProxy;Nivel 0;1f$5C$ZpLDRhOdPXAFfdHR;Texto de modelo:600mm Arial:660690;0,029431;0,361197;
IfcBuildingElementProxy;Nivel 0;0LjyzBIVf4fvXTo7UGQ7Vn;Texto de modelo:600mm Arial:657901;0,029431;0,361197;
IfcBuildingElementProxy;Nivel 0;1f$5C$ZpLDRhOdPXAFfd9R;Texto de modelo:600mm Arial:660178;0,029431;0,361197;
IfcBuildingElementProxy;Nivel 0;0LjyzBIVf4fvXTo7UGQu7p;Texto de modelo:600mm Arial:655343;0,029431;0,361197;
IfcBuildingElementProxy;Nivel 0;1f$5C$ZpLDRhOdPXAFfdJZ;Texto de modelo:600mm Arial:660586;0,029431;0,361197;
IfcBuildingElementProxy;Nivel 0;0LjyzBIVf4fvXTo7UGQ7AV;Texto de modelo:600mm Arial:658563;0,029431;0,361197;
IfcBuildingElementProxy;Nivel 0;1f$5C$ZpLDRhOdPXAFfdJv;Texto de modelo:600mm Arial:660592;0,029431;0,361197;
IfcBuildingElementProxy;Nivel 0;0LjyzBIVf4fvXTo7UGQu7S;Texto de modelo:600mm Arial:655296;0,029431;0,361197;
IfcBuildingElementProxy;Nivel 0;1f$5C$ZpLDRhOdPXAFfd0s;Texto de modelo:600mm Arial:659647;0,029117;0,409390;
IfcBuildingElementProxy;Nivel 0;1f$5C$ZpLDRhOdPXAFfdH5;Texto de modelo:600mm Arial:660684;0,029117;0,409390;
IfcBuildingElementProxy;Nivel 0;0LjyzBIVf4fvXTo7UGQ7vn;Texto de modelo:600mm Arial:655469;0,026132;0,362589;
IfcBuildingElementProxy;Nivel 0;1f$5C$ZpLDRhOdPXAFfd3N;Texto de modelo:600mm Arial:659550;0,024522;0,328824;
IfcBuildingElementProxy;Nivel 0;0LjyzBIVf4fvXTo7UGQ7vx;Texto de modelo:600mm Arial:655463;0,024285;0,291435;
IfcBuildingElementProxy;Nivel 0;1f$5C$ZpLDRhOdPXAFfd3f;Texto de modelo:600mm Arial:659552;0,023264;0,267272;
IfcBuildingElementProxy;Nivel 0;0LjyzBIVf4fvXTo7UGQ7vz;Texto de modelo:600mm Arial:655457;0,023228;0,249959;
IfcBuildingElementProxy;Nivel 0;1f$5C$ZpLDRhOdPXAFfd3e;Texto de modelo:600mm Arial:659553;0,022951;0,315465;
IfcBuildingElementProxy;Nivel 0;0LjyzBIVf4fvXTo7UGQ7vl;Texto de modelo:600mm Arial:655475;0,018691;0,214113;
IfcBuildingElementProxy;Nivel 0;0LjyzBIVf4fvXTo7UGQ7MA;Texto de modelo:600mm Arial:658326;0,018063;0,240636;
IfcBuildingElementProxy;Nivel 0;0LjyzBIVf4fvXTo7UGQ7Vs;Texto de modelo:600mm Arial:657898;0,017581;0,245806;
IfcBuildingElementProxy;Nivel 0;1f$5C$ZpLDRhOdPXAFfd99;Texto de modelo:600mm Arial:660160;0,017306;0,240004;
IfcBuildingElementProxy;Nivel 0;1f$5C$ZpLDRhOdPXAFfd3M;Texto de modelo:600mm Arial:659551;0,017101;0,233566;
IfcBuildingElementProxy;Nivel 0;0LjyzBIVf4fvXTo7UGQ7ud;Texto de modelo:600mm Arial:655419;0,015735;0,222445;
IfcBuildingElementProxy;Nivel 0;0LjyzBIVf4fvXTo7UGQ7ur;Texto de modelo:600mm Arial:655401;0,014714;0,211511;
IfcBuildingElementProxy;Nivel 0;0LjyzBIVf4fvXTo7UGQ7uf;Texto de modelo:600mm Arial:655413;0,014678;0,133176;
IfcBuildingElementProxy;Nivel 0;0LjyzBIVf4fvXTo7UGQ7up;Texto de modelo:600mm Arial:655407;0,014400;0,214019;
IfcBuildingElementProxy;Nivel 0;0LjyzBIVf4fvXTo7UGQ7MI;Texto de modelo:600mm Arial:658318;0,010140;0,145699;
IfcBuildingElementProxy;Nivel 0;0LjyzBIVf4fvXTo7UGQ7u$;Texto de modelo:600mm Arial:655395;0,008550;0,116783;
IfcColumn;Altura Bastidor Oeste;27PH5$VWf25ezVaO62Rm7o;"Madera-Pilar:3""x6"":557222";0,000048;0,011613;0,000048
IfcColumn;Altura Bastidor Oeste;3o4WY3YIT3DhC3QAkvZpNz;"Madera-Pilar:3""x6"":482204";0,000048;0,011613;0,000048
IfcColumn;Altura Bastidor Oeste;27PH5$VWf25ezVaO62Rm6c;"Madera-Pilar:3""x6"":557298";0,000048;0,011613;0,000048
IfcColumn;Altura Bastidor Oeste;27PH5$VWf25ezVaO62Rm6d;"Madera-Pilar:3""x6"":557299";0,000048;0,011613;0,000048
IfcColumn;Altura Bastidor Oeste;3o4WY3YIT3DhC3QAkvZp$D;Madera-Pilar:508 x 1016:479660;0,000021;0,005161;0,000021
IfcColumn;Altura Bastidor Oeste;3hGbOGFPjDzRTkFrNwI2vi;Madera-Pilar:508 x 1016 Bis:603153;0,000021;0,005161;0,000021
IfcColumn;Altura Bastidor Oeste;2D_MstZEL04Rg$J6TzINJF;Madera-Pilar:508 x 1016 Bis:838135;0,000021;0,005161;0,000021
IfcColumn;Altura Bastidor Oeste;2D_MstZEL04Rg$J6TzINTO;Madera-Pilar:508 x 1016 Bis:838240;0,000021;0,005161;0,000021
IfcColumn;Altura Bastidor Oeste;1AETc7D1PBRQCf__ouePzE;Madera-Pilar:508 x 1016 Bis:603001;0,000021;0,005161;0,000021
IfcColumn;Altura Bastidor Oeste;1oDoWiI5XAsBFQurjqz2oA;Madera-Pilar:508 x 1016 Bis:844928;0,000021;0,005161;0,000021
IfcColumn;Altura Bastidor Oeste;3o4WY3YIT3DhC3QAkvZq7j;Madera-Pilar:508 x 1016:470924;0,000021;0,005161;0,000021
IfcColumn;Altura Bastidor Oeste;3o4WY3YIT3DhC3QAkvZpBC;Madera-Pilar:508 x 1016 Bis:482477;0,000021;0,005161;0,000021
IfcColumn;Altura Bastidor Oeste;1oDoWiI5XAsBFQurjqz2o0;Madera-Pilar:508 x 1016 Bis:844938;0,000021;0,005161;0,000021
IfcColumn;Altura Bastidor Oeste;3o4WY3YIT3DhC3QAkvZoth;Madera-Pilar:508 x 1016:476042;0,000021;0,005161;0,000021
IfcColumn;Altura Bastidor Oeste;3o4WY3YIT3DhC3QAkvZp$E;Madera-Pilar:508 x 1016:479663;0,000021;0,005161;0,000021
IfcColumn;Altura Bastidor Oeste;3o4WY3YIT3DhC3QAkvZp$H;Madera-Pilar:508 x 1016:479664;0,000021;0,005161;0,000021
IfcColumn;Altura Bastidor Oeste;3o4WY3YIT3DhC3QAkvZp$G;Madera-Pilar:508 x 1016:479665;0,000021;0,005161;0,000021
IfcColumn;Altura Bastidor Oeste;3o4WY3YIT3DhC3QAkvZpBD;Madera-Pilar:508 x 1016 Bis:482476;0,000021;0,005161;0,000021
IfcColumn;Altura Bastidor Oeste;3o4WY3YIT3DhC3QAkvZpBF;Madera-Pilar:508 x 1016 Bis:482478;0,000021;0,005161;0,000021
IfcColumn;Altura Bastidor Oeste;3o4WY3YIT3DhC3QAkvZpBG;Madera-Pilar:508 x 1016 Bis:482481;0,000021;0,005161;0,000021
IfcColumn;Altura Bastidor Oeste;3o4WY3YIT3DhC3QAkvZq7p;Madera-Pilar:508 x 1016 Bis:470930;0,000021;0,005161;0,000021
IfcColumn;Altura Bastidor Oeste;3o4WY3YIT3DhC3QAkvZq7i;Madera-Pilar:508 x 1016:470925;0,000021;0,005161;0,000021
IfcColumn;Altura Bastidor Oeste;3o4WY3YIT3DhC3QAkvZpBA;Madera-Pilar:508 x 1016 Bis:482475;0,000021;0,005161;0,000021
IfcColumn;Altura Bastidor Oeste;3o4WY3YIT3DhC3QAkvZpBH;Madera-Pilar:508 x 1016 Bis:482480;0,000021;0,005161;0,000021
IfcColumn;Altura Bastidor Oeste;3o4WY3YIT3DhC3QAkvZq7l;Madera-Pilar:508 x 1016:470926;0,000021;0,005161;0,000021
IfcColumn;Altura Bastidor Oeste;3o4WY3YIT3DhC3QAkvZpBE;Madera-Pilar:508 x 1016 Bis:482479;0,000021;0,005161;0,000021
IfcColumn;Altura Bastidor Oeste;3o4WY3YIT3DhC3QAkvZpB8;Madera-Pilar:508 x 1016 Bis:482473;0,000021;0,005161;0,000021
IfcColumn;Altura Bastidor Oeste;3o4WY3YIT3DhC3QAkvZpBB;Madera-Pilar:508 x 1016 Bis:482474;0,000021;0,005161;0,000021
IfcColumn;Altura Bastidor Oeste;2D_MstZEL04Rg$J6TzINZB;Madera-Pilar:508 x 1016 Bis:837107;0,000021;0,005161;0,000021
IfcColumn;Altura Bastidor Oeste;3o4WY3YIT3DhC3QAkvZp$J;Madera-Pilar:508 x 1016:479666;0,000021;0,005161;0,000021
IfcColumn;Altura Bastidor Oeste;3o4WY3YIT3DhC3QAkvZp$A;Madera-Pilar:508 x 1016:479659;0,000021;0,005161;0,000021
IfcColumn;Altura Bastidor Oeste;1oDoWiI5XAsBFQurjqz2fv;Madera-Pilar:508 x 1016:844403;0,000021;0,005161;0,000021
IfcColumn;Altura Bastidor Oeste;3o4WY3YIT3DhC3QAkvZp$8;Madera-Pilar:508 x 1016:479657;0,000021;0,005161;0,000021
IfcColumn;Altura Bastidor Oeste;3o4WY3YIT3DhC3QAkvZooN;Madera-Pilar:508 x 762:475894;0,000016;0,003871;0,000016
IfcColumn;Altura Bastidor Oeste;1oDoWiI5XAsBFQurjqz2f_;Madera-Pilar:508 x 762:844404;0,000016;0,003871;0,000016
IfcColumn;Altura Bastidor Oeste;3o4WY3YIT3DhC3QAkvZpto;Madera-Pilar:508 x 762:480147;0,000016;0,003871;0,000016
IfcColumn;Altura Bastidor Oeste;3o4WY3YIT3DhC3QAkvZptq;Madera-Pilar:508 x 762:480149;0,000016;0,003871;0,000016
IfcColumn;Altura Bastidor Oeste;3o4WY3YIT3DhC3QAkvZq0o;Madera-Pilar:508 x 762:470611;0,000016;0,003871;0,000016
IfcColumn;Altura Bastidor Oeste;3o4WY3YIT3DhC3QAkvZpN$;Madera-Pilar:508 x 762 Bis:482206;0,000016;0,003871;0,000016
IfcColumn;Altura Bastidor Oeste;3o4WY3YIT3DhC3QAkvZpNy;Madera-Pilar:508 x 762 Bis:482205;0,000016;0,003871;0,000016
IfcColumn;Altura Bastidor Oeste;3o4WY3YIT3DhC3QAkvZpN6;Madera-Pilar:508 x 762 Bis:482215;0,000016;0,003871;0,000016
IfcColumn;Altura Bastidor Oeste;3o4WY3YIT3DhC3QAkvZq0p;Madera-Pilar:508 x 762:470610;0,000016;0,003871;0,000016
IfcColumn;Altura Bastidor Oeste;3o4WY3YIT3DhC3QAkvZptr;Madera-Pilar:508 x 762:480148;0,000016;0,003871;0,000016
IfcColumn;Altura Bastidor Oeste;3o4WY3YIT3DhC3QAkvZpN1;Madera-Pilar:508 x 762 Bis:482208;0,000016;0,003871;0,000016
IfcColumn;Altura Bastidor Oeste;3o4WY3YIT3DhC3QAkvZpN3;Madera-Pilar:508 x 762 Bis:482210;0,000016;0,003871;0,000016
IfcColumn;Altura Bastidor Oeste;3o4WY3YIT3DhC3QAkvZpN_;Madera-Pilar:508 x 762 Bis:482207;0,000016;0,003871;0,000016
IfcColumn;Altura Bastidor Oeste;3o4WY3YIT3DhC3QAkvZpN0;Madera-Pilar:508 x 762 Bis:482209;0,000016;0,003871;0,000016
IfcColumn;Altura Bastidor Oeste;3o4WY3YIT3DhC3QAkvZpN2;Madera-Pilar:508 x 762 Bis:482211;0,000016;0,003871;0,000016
IfcColumn;Altura Bastidor Oeste;3o4WY3YIT3DhC3QAkvZpN5;Madera-Pilar:508 x 762 Bis:482212;0,000016;0,003871;0,000016
IfcColumn;Altura Bastidor Oeste;1tgHqkfxHEbPVIsTQcvcYI;Madera-Pilar:508 x 762:851924;0,000016;0,003871;0,000016
IfcColumn;Altura Bastidor Oeste;3o4WY3YIT3DhC3QAkvZq0m;Madera-Pilar:508 x 762:470609;0,000016;0,003871;0,000016
IfcColumn;Altura Bastidor Oeste;2D_MstZEL04Rg$J6TzINTd;Madera-Pilar:508 x 762 Bis:838239;0,000016;0,003871;0,000016
IfcColumn;Altura Bastidor Oeste;3o4WY3YIT3DhC3QAkvZptt;Madera-Pilar:508 x 762:480150;0,000016;0,003871;0,000016
IfcColumn;Altura Bastidor Oeste;3o4WY3YIT3DhC3QAkvZpti;Madera-Pilar:508 x 762:480141;0,000016;0,003871;0,000016
IfcColumn;Altura Bastidor Oeste;3o4WY3YIT3DhC3QAkvZptk;Madera-Pilar:508 x 762:480143;0,000016;0,003871;0,000016
IfcColumn;Altura Bastidor Oeste;3o4WY3YIT3DhC3QAkvZptn;Madera-Pilar:508 x 762:480144;0,000016;0,003871;0,000016
IfcColumn;Altura Bastidor Oeste;2UPZHC5AL21BMX$etrroCV;Madera-Pilar:508 x 762:816219;0,000016;0,003871;0,000016
IfcColumn;Altura de viga inferior;27PH5$VWf25ezVaO_2Rm6c;"Madera-Pilar:3""x6"":557298";0,000236;0,011613;0,000236
IfcColumn;Altura de viga inferior;27PH5$VWf25ezVaO_2Rm6d;"Madera-Pilar:3""x6"":557299";0,000236;0,011613;0,000236
IfcColumn;Altura de viga inferior;3o4WY3YIT3DhC3QAMvZpNz;"Madera-Pilar:3""x6"":482204";0,000236;0,011613;0,000236
IfcColumn;Altura de viga inferior;27PH5$VWf25ezVaO_2Rm7o;"Madera-Pilar:3""x6"":557222";0,000236;0,011613;0,000236
IfcColumn;Altura de viga inferior;3o4WY3YIT3DhC3QAMvZp$A;Madera-Pilar:508 x 1016:479659;0,000105;0,005161;0,000105
IfcColumn;Altura de viga inferior;3o4WY3YIT3DhC3QAMvZp$D;Madera-Pilar:508 x 1016:479660;0,000105;0,005161;0,000105
IfcColumn;Altura de viga inferior;3o4WY3YIT3DhC3QAMvZp$E;Madera-Pilar:508 x 1016:479663;0,000105;0,005161;0,000105
IfcColumn;Altura de viga inferior;3o4WY3YIT3DhC3QAMvZp$H;Madera-Pilar:508 x 1016:479664;0,000105;0,005161;0,000105
IfcColumn;Altura de viga inferior;3o4WY3YIT3DhC3QAMvZpBA;Madera-Pilar:508 x 1016 Bis:482475;0,000105;0,005161;0,000105
IfcColumn;Altura de viga inferior;3o4WY3YIT3DhC3QAMvZpB8;Madera-Pilar:508 x 1016 Bis:482473;0,000105;0,005161;0,000105
IfcColumn;Altura de viga inferior;3o4WY3YIT3DhC3QAMvZpBB;Madera-Pilar:508 x 1016 Bis:482474;0,000105;0,005161;0,000105
IfcColumn;Altura de viga inferior;2D_MstZEL04Rg$J6bzINTO;Madera-Pilar:508 x 1016 Bis:838240;0,000105;0,005161;0,000105
IfcColumn;Altura de viga inferior;1oDoWiI5XAsBFQurLqz2o0;Madera-Pilar:508 x 1016 Bis:844938;0,000105;0,005161;0,000105
IfcColumn;Altura de viga inferior;1oDoWiI5XAsBFQurLqz2oA;Madera-Pilar:508 x 1016 Bis:844928;0,000105;0,005161;0,000105
IfcColumn;Altura de viga inferior;3o4WY3YIT3DhC3QAMvZpBH;Madera-Pilar:508 x 1016 Bis:482480;0,000105;0,005161;0,000105
IfcColumn;Altura de viga inferior;3o4WY3YIT3DhC3QAMvZpBG;Madera-Pilar:508 x 1016 Bis:482481;0,000105;0,005161;0,000105
IfcColumn;Altura de viga inferior;3o4WY3YIT3DhC3QAMvZq7j;Madera-Pilar:508 x 1016:470924;0,000105;0,005161;0,000105
IfcColumn;Altura de viga inferior;2D_MstZEL04Rg$J6bzINJF;Madera-Pilar:508 x 1016 Bis:838135;0,000105;0,005161;0,000105
IfcColumn;Altura de viga inferior;3hGbOGFPjDzRTkFrlwI2vi;Madera-Pilar:508 x 1016 Bis:603153;0,000105;0,005161;0,000105
IfcColumn;Altura de viga inferior;3o4WY3YIT3DhC3QAMvZq7p;Madera-Pilar:508 x 1016 Bis:470930;0,000105;0,005161;0,000105
IfcColumn;Altura de viga inferior;3o4WY3YIT3DhC3QAMvZq7i;Madera-Pilar:508 x 1016:470925;0,000105;0,005161;0,000105
IfcColumn;Altura de viga inferior;3o4WY3YIT3DhC3QAMvZq7l;Madera-Pilar:508 x 1016:470926;0,000105;0,005161;0,000105
IfcColumn;Altura de viga inferior;3o4WY3YIT3DhC3QAMvZpBF;Madera-Pilar:508 x 1016 Bis:482478;0,000105;0,005161;0,000105
IfcColumn;Altura de viga inferior;2D_MstZEL04Rg$J6bzINZB;Madera-Pilar:508 x 1016 Bis:837107;0,000105;0,005161;0,000105
IfcColumn;Altura de viga inferior;3o4WY3YIT3DhC3QAMvZpBC;Madera-Pilar:508 x 1016 Bis:482477;0,000105;0,005161;0,000105
IfcColumn;Altura de viga inferior;3o4WY3YIT3DhC3QAMvZpBE;Madera-Pilar:508 x 1016 Bis:482479;0,000105;0,005161;0,000105
IfcColumn;Altura de viga inferior;3o4WY3YIT3DhC3QAMvZpBD;Madera-Pilar:508 x 1016 Bis:482476;0,000105;0,005161;0,000105
IfcColumn;Altura de viga inferior;1AETc7D1PBRQCf__AuePzE;Madera-Pilar:508 x 1016 Bis:603001;0,000105;0,005161;0,000105
IfcColumn;Altura de viga inferior;3o4WY3YIT3DhC3QAMvZp$J;Madera-Pilar:508 x 1016:479666;0,000105;0,005161;0,000105
IfcColumn;Altura de viga inferior;1oDoWiI5XAsBFQurLqz2fv;Madera-Pilar:508 x 1016:844403;0,000105;0,005161;0,000105
IfcColumn;Altura de viga inferior;3o4WY3YIT3DhC3QAMvZp$G;Madera-Pilar:508 x 1016:479665;0,000105;0,005161;0,000105
IfcColumn;Altura de viga inferior;3o4WY3YIT3DhC3QAMvZpto;Madera-Pilar:508 x 762:480147;0,000079;0,003871;0,000079
IfcColumn;Altura de viga inferior;3o4WY3YIT3DhC3QAMvZptr;Madera-Pilar:508 x 762:480148;0,000079;0,003871;0,000079
IfcColumn;Altura de viga inferior;3o4WY3YIT3DhC3QAMvZptt;Madera-Pilar:508 x 762:480150;0,000079;0,003871;0,000079
IfcColumn;Altura de viga inferior;3o4WY3YIT3DhC3QAMvZptn;Madera-Pilar:508 x 762:480144;0,000079;0,003871;0,000079
IfcColumn;Altura de viga inferior;3o4WY3YIT3DhC3QAMvZptq;Madera-Pilar:508 x 762:480149;0,000079;0,003871;0,000079
IfcColumn;Altura de viga inferior;3o4WY3YIT3DhC3QAMvZq0m;Madera-Pilar:508 x 762:470609;0,000079;0,003871;0,000079
IfcColumn;Altura de viga inferior;3o4WY3YIT3DhC3QAMvZpN2;Madera-Pilar:508 x 762 Bis:482211;0,000079;0,003871;0,000079
IfcColumn;Altura de viga inferior;3o4WY3YIT3DhC3QAMvZpN5;Madera-Pilar:508 x 762 Bis:482212;0,000079;0,003871;0,000079
IfcColumn;Altura de viga inferior;3o4WY3YIT3DhC3QAMvZpN0;Madera-Pilar:508 x 762 Bis:482209;0,000079;0,003871;0,000079
IfcColumn;Altura de viga inferior;3o4WY3YIT3DhC3QAMvZpN_;Madera-Pilar:508 x 762 Bis:482207;0,000079;0,003871;0,000079
IfcColumn;Altura de viga inferior;3o4WY3YIT3DhC3QAMvZpNy;Madera-Pilar:508 x 762 Bis:482205;0,000079;0,003871;0,000079
IfcColumn;Altura de viga inferior;3o4WY3YIT3DhC3QAMvZpN1;Madera-Pilar:508 x 762 Bis:482208;0,000079;0,003871;0,000079
IfcColumn;Altura de viga inferior;1tgHqkfxHEbPVIsTYcvcYI;Madera-Pilar:508 x 762:851924;0,000079;0,003871;0,000079
IfcColumn;Altura de viga inferior;3o4WY3YIT3DhC3QAMvZpN$;Madera-Pilar:508 x 762 Bis:482206;0,000079;0,003871;0,000079
IfcColumn;Altura de viga inferior;3o4WY3YIT3DhC3QAMvZq0p;Madera-Pilar:508 x 762:470610;0,000079;0,003871;0,000079
IfcColumn;Altura de viga inferior;2D_MstZEL04Rg$J6bzINTd;Madera-Pilar:508 x 762 Bis:838239;0,000079;0,003871;0,000079
IfcColumn;Altura de viga inferior;3o4WY3YIT3DhC3QAMvZq0o;Madera-Pilar:508 x 762:470611;0,000079;0,003871;0,000079
IfcColumn;Altura de viga inferior;3o4WY3YIT3DhC3QAMvZpN3;Madera-Pilar:508 x 762 Bis:482210;0,000079;0,003871;0,000079
IfcColumn;Altura de viga inferior;3o4WY3YIT3DhC3QAMvZpN6;Madera-Pilar:508 x 762 Bis:482215;0,000079;0,003871;0,000079
IfcColumn;Altura de viga inferior;3o4WY3YIT3DhC3QAMvZptk;Madera-Pilar:508 x 762:480143;0,000079;0,003871;0,000079
IfcColumn;Altura de viga inferior;1oDoWiI5XAsBFQurLqz2f_;Madera-Pilar:508 x 762:844404;0,000079;0,003871;0,000079
IfcColumn;Corta fuego Sup;3o4WY3YIT3DhC3QAgvZp$8;Madera-Pilar:508 x 1016:479657;0,000571;0,011232;0,000571
IfcColumn;Corta fuego Sup;3o4WY3YIT3DhC3QAgvZoth;Madera-Pilar:508 x 1016:476042;0,000571;0,011232;0,000571
IfcColumn;Corta fuego Sup;27PH5$VWf25ezVaO22Rm6d;"Madera-Pilar:3""x6"":557299";0,000542;0,011613;0,000542
IfcColumn;Corta fuego Sup;27PH5$VWf25ezVaO22Rm7o;"Madera-Pilar:3""x6"":557222";0,000542;0,011613;0,000542
IfcColumn;Corta fuego Sup;3o4WY3YIT3DhC3QAgvZpNz;"Madera-Pilar:3""x6"":482204";0,000542;0,011613;0,000542
IfcColumn;Corta fuego Sup;27PH5$VWf25ezVaO22Rm6c;"Madera-Pilar:3""x6"":557298";0,000542;0,011613;0,000542
IfcColumn;Corta fuego Sup;2UPZHC5AL21BMX$eprroCV;Madera-Pilar:508 x 762:816219;0,000538;0,010581;0,000538
IfcColumn;Corta fuego Sup;3o4WY3YIT3DhC3QAgvZooN;Madera-Pilar:508 x 762:475894;0,000428;0,008424;0,000428
IfcColumn;Corta fuego Sup;3o4WY3YIT3DhC3QAgvZpti;Madera-Pilar:508 x 762:480141;0,000392;0,007723;0,000392
IfcColumn;Corta fuego Sup;1oDoWiI5XAsBFQurfqz2fv;Madera-Pilar:508 x 1016:844403;0,000241;0,005161;0,000241
IfcColumn;Corta fuego Sup;3o4WY3YIT3DhC3QAgvZp$G;Madera-Pilar:508 x 1016:479665;0,000241;0,005161;0,000241
IfcColumn;Corta fuego Sup;1oDoWiI5XAsBFQurfqz2o0;Madera-Pilar:508 x 1016 Bis:844938;0,000241;0,005161;0,000241
IfcColumn;Corta fuego Sup;1oDoWiI5XAsBFQurfqz2oA;Madera-Pilar:508 x 1016 Bis:844928;0,000241;0,005161;0,000241
IfcColumn;Corta fuego Sup;2D_MstZEL04Rg$J6PzINZB;Madera-Pilar:508 x 1016 Bis:837107;0,000241;0,005161;0,000241
IfcColumn;Corta fuego Sup;3o4WY3YIT3DhC3QAgvZpBD;Madera-Pilar:508 x 1016 Bis:482476;0,000241;0,005161;0,000241
IfcColumn;Corta fuego Sup;3o4WY3YIT3DhC3QAgvZq7l;Madera-Pilar:508 x 1016:470926;0,000241;0,005161;0,000241
IfcColumn;Corta fuego Sup;3o4WY3YIT3DhC3QAgvZq7i;Madera-Pilar:508 x 1016:470925;0,000241;0,005161;0,000241
IfcColumn;Corta fuego Sup;3o4WY3YIT3DhC3QAgvZq7j;Madera-Pilar:508 x 1016:470924;0,000241;0,005161;0,000241
IfcColumn;Corta fuego Sup;3o4WY3YIT3DhC3QAgvZpBE;Madera-Pilar:508 x 1016 Bis:482479;0,000241;0,005161;0,000241
IfcColumn;Corta fuego Sup;3o4WY3YIT3DhC3QAgvZpBF;Madera-Pilar:508 x 1016 Bis:482478;0,000241;0,005161;0,000241
IfcColumn;Corta fuego Sup;3o4WY3YIT3DhC3QAgvZq7p;Madera-Pilar:508 x 1016 Bis:470930;0,000241;0,005161;0,000241
IfcColumn;Corta fuego Sup;3o4WY3YIT3DhC3QAgvZpBG;Madera-Pilar:508 x 1016 Bis:482481;0,000241;0,005161;0,000241
IfcColumn;Corta fuego Sup;3o4WY3YIT3DhC3QAgvZpBC;Madera-Pilar:508 x 1016 Bis:482477;0,000241;0,005161;0,000241
IfcColumn;Corta fuego Sup;3o4WY3YIT3DhC3QAgvZpBA;Madera-Pilar:508 x 1016 Bis:482475;0,000241;0,005161;0,000241
IfcColumn;Corta fuego Sup;3o4WY3YIT3DhC3QAgvZp$A;Madera-Pilar:508 x 1016:479659;0,000241;0,005161;0,000241
IfcColumn;Corta fuego Sup;3o4WY3YIT3DhC3QAgvZpBB;Madera-Pilar:508 x 1016 Bis:482474;0,000241;0,005161;0,000241
IfcColumn;Corta fuego Sup;3o4WY3YIT3DhC3QAgvZpB8;Madera-Pilar:508 x 1016 Bis:482473;0,000241;0,005161;0,000241
IfcColumn;Corta fuego Sup;3o4WY3YIT3DhC3QAgvZp$H;Madera-Pilar:508 x 1016:479664;0,000241;0,005161;0,000241
IfcColumn;Corta fuego Sup;3hGbOGFPjDzRTkFrJwI2vi;Madera-Pilar:508 x 1016 Bis:603153;0,000241;0,005161;0,000241
IfcColumn;Corta fuego Sup;2D_MstZEL04Rg$J6PzINTO;Madera-Pilar:508 x 1016 Bis:838240;0,000241;0,005161;0,000241
IfcColumn;Corta fuego Sup;2D_MstZEL04Rg$J6PzINJF;Madera-Pilar:508 x 1016 Bis:838135;0,000241;0,005161;0,000241
IfcColumn;Corta fuego Sup;3o4WY3YIT3DhC3QAgvZpBH;Madera-Pilar:508 x 1016 Bis:482480;0,000241;0,005161;0,000241
IfcColumn;Corta fuego Sup;1AETc7D1PBRQCf__suePzE;Madera-Pilar:508 x 1016 Bis:603001;0,000241;0,005161;0,000241
IfcColumn;Corta fuego Sup;3o4WY3YIT3DhC3QAgvZp$J;Madera-Pilar:508 x 1016:479666;0,000241;0,005161;0,000241
IfcColumn;Corta fuego Sup;3o4WY3YIT3DhC3QAgvZp$E;Madera-Pilar:508 x 1016:479663;0,000241;0,005161;0,000241
IfcColumn;Corta fuego Sup;3o4WY3YIT3DhC3QAgvZp$D;Madera-Pilar:508 x 1016:479660;0,000241;0,005161;0,000241
IfcColumn;Corta fuego Sup;3o4WY3YIT3DhC3QAgvZptn;Madera-Pilar:508 x 762:480144;0,000181;0,003871;0,000181
IfcColumn;Corta fuego Sup;1oDoWiI5XAsBFQurfqz2f_;Madera-Pilar:508 x 762:844404;0,000181;0,003871;0,000181
IfcColumn;Corta fuego Sup;3o4WY3YIT3DhC3QAgvZpN5;Madera-Pilar:508 x 762 Bis:482212;0,000181;0,003871;0,000181
IfcColumn;Corta fuego Sup;1tgHqkfxHEbPVIsTUcvcYI;Madera-Pilar:508 x 762:851924;0,000181;0,003871;0,000181
IfcColumn;Corta fuego Sup;3o4WY3YIT3DhC3QAgvZpN0;Madera-Pilar:508 x 762 Bis:482209;0,000181;0,003871;0,000181
IfcColumn;Corta fuego Sup;2D_MstZEL04Rg$J6PzINTd;Madera-Pilar:508 x 762 Bis:838239;0,000181;0,003871;0,000181
IfcColumn;Corta fuego Sup;3o4WY3YIT3DhC3QAgvZq0p;Madera-Pilar:508 x 762:470610;0,000181;0,003871;0,000181
IfcColumn;Corta fuego Sup;3o4WY3YIT3DhC3QAgvZpN$;Madera-Pilar:508 x 762 Bis:482206;0,000181;0,003871;0,000181
IfcColumn;Corta fuego Sup;3o4WY3YIT3DhC3QAgvZpN1;Madera-Pilar:508 x 762 Bis:482208;0,000181;0,003871;0,000181
IfcColumn;Corta fuego Sup;3o4WY3YIT3DhC3QAgvZpN_;Madera-Pilar:508 x 762 Bis:482207;0,000181;0,003871;0,000181
IfcColumn;Corta fuego Sup;3o4WY3YIT3DhC3QAgvZpN6;Madera-Pilar:508 x 762 Bis:482215;0,000181;0,003871;0,000181
IfcColumn;Corta fuego Sup;3o4WY3YIT3DhC3QAgvZpNy;Madera-Pilar:508 x 762 Bis:482205;0,000181;0,003871;0,000181
IfcColumn;Corta fuego Sup;3o4WY3YIT3DhC3QAgvZpN3;Madera-Pilar:508 x 762 Bis:482210;0,000181;0,003871;0,000181
IfcColumn;Corta fuego Sup;3o4WY3YIT3DhC3QAgvZpN2;Madera-Pilar:508 x 762 Bis:482211;0,000181;0,003871;0,000181
IfcColumn;Corta fuego Sup;3o4WY3YIT3DhC3QAgvZq0o;Madera-Pilar:508 x 762:470611;0,000181;0,003871;0,000181
IfcColumn;Corta fuego Sup;3o4WY3YIT3DhC3QAgvZptr;Madera-Pilar:508 x 762:480148;0,000181;0,003871;0,000181
IfcColumn;Corta fuego Sup;3o4WY3YIT3DhC3QAgvZptt;Madera-Pilar:508 x 762:480150;0,000181;0,003871;0,000181
IfcColumn;Corta fuego Sup;3o4WY3YIT3DhC3QAgvZptk;Madera-Pilar:508 x 762:480143;0,000181;0,003871;0,000181
IfcColumn;Corta fuego Sup;3o4WY3YIT3DhC3QAgvZpto;Madera-Pilar:508 x 762:480147;0,000181;0,003871;0,000181
IfcColumn;Corta fuego Sup;3o4WY3YIT3DhC3QAgvZq0m;Madera-Pilar:508 x 762:470609;0,000181;0,003871;0,000181
IfcColumn;Corta fuego Sup;3o4WY3YIT3DhC3QAgvZptq;Madera-Pilar:508 x 762:480149;0,000181;0,003871;0,000181
IfcColumn;Corta fuego central;27PH5$VWf25ezVaOE2Rm7o;"Madera-Pilar:3""x6"":557222";0,002973;0,039014;0,002973
IfcColumn;Corta fuego central;3o4WY3YIT3DhC3QAcvZpNz;"Madera-Pilar:3""x6"":482204";0,002973;0,039014;0,002973
IfcColumn;Corta fuego central;27PH5$VWf25ezVaOE2Rm6d;"Madera-Pilar:3""x6"":557299";0,002973;0,039014;0,002973
IfcColumn;Corta fuego central;27PH5$VWf25ezVaOE2Rm6c;"Madera-Pilar:3""x6"":557298";0,002973;0,039014;0,002973
IfcColumn;Corta fuego central;1oDoWiI5XAsBFQurbqz2fv;Madera-Pilar:508 x 1016:844403;0,001321;0,026010;0,001321
IfcColumn;Corta fuego central;2UPZHC5AL21BMX$e$rro9_;Madera-Pilar:508 x 1016:816442;0,001321;0,026010;0,001321
IfcColumn;Corta fuego central;3o4WY3YIT3DhC3QAcvZoLN;Madera-Pilar:508 x 1016 Bis:478006;0,001321;0,026010;0,001321
IfcColumn;Corta fuego central;3o4WY3YIT3DhC3QAcvZp$8;Madera-Pilar:508 x 1016:479657;0,001321;0,026010;0,001321
IfcColumn;Corta fuego central;2vmqESjFX7AQXpuv0j9wFj;Madera-Pilar:508 x 1016 Bis:749959;0,001321;0,026010;0,001321
IfcColumn;Corta fuego central;2UPZHC5AL21BMX$e$rrpcd;Madera-Pilar:508 x 1016:814819;0,001321;0,026010;0,001321
IfcColumn;Corta fuego central;3o4WY3YIT3DhC3QAcvZotk;Madera-Pilar:508 x 1016:476047;0,001321;0,026010;0,001321
IfcColumn;Corta fuego central;2UPZHC5AL21BMX$edrrmp5;Madera-Pilar:508 x 1016:809857;0,001321;0,026010;0,001321
IfcColumn;Corta fuego central;2D_MstZEL04Rg$J6LzINJF;Madera-Pilar:508 x 1016 Bis:838135;0,001321;0,026010;0,001321
IfcColumn;Corta fuego central;2D_MstZEL04Rg$J6LzINTO;Madera-Pilar:508 x 1016 Bis:838240;0,001321;0,026010;0,001321
IfcColumn;Corta fuego central;3o4WY3YIT3DhC3QAcvZpBF;Madera-Pilar:508 x 1016 Bis:482478;0,001321;0,026010;0,001321
IfcColumn;Corta fuego central;3o4WY3YIT3DhC3QAcvZpBE;Madera-Pilar:508 x 1016 Bis:482479;0,001321;0,026010;0,001321
IfcColumn;Corta fuego central;3hGbOGFPjDzRTkFrVwI2vi;Madera-Pilar:508 x 1016 Bis:603153;0,001321;0,026010;0,001321
IfcColumn;Corta fuego central;1oDoWiI5XAsBFQurbqz2oA;Madera-Pilar:508 x 1016 Bis:844928;0,001321;0,026010;0,001321
IfcColumn;Corta fuego central;2UPZHC5AL21BMX$edrroON;Madera-Pilar:508 x 1016:815443;0,001321;0,026010;0,001321
IfcColumn;Corta fuego central;2D_MstZEL04Rg$J6LzINQh;Madera-Pilar:508 x 1016:838547;0,001321;0,026010;0,001321
IfcColumn;Corta fuego central;3o4WY3YIT3DhC3QAcvZpBB;Madera-Pilar:508 x 1016 Bis:482474;0,001321;0,026010;0,001321
IfcColumn;Corta fuego central;2UPZHC5AL21BMX$edrrp_l;Madera-Pilar:508 x 1016:813291;0,001321;0,026010;0,001321
IfcColumn;Corta fuego central;3o4WY3YIT3DhC3QAcvZotx;Madera-Pilar:508 x 1016:476058;0,001321;0,026010;0,001321
IfcColumn;Corta fuego central;3o4WY3YIT3DhC3QAcvZpB8;Madera-Pilar:508 x 1016 Bis:482473;0,001321;0,026010;0,001321
IfcColumn;Corta fuego central;3o4WY3YIT3DhC3QAcvZq7j;Madera-Pilar:508 x 1016:470924;0,001321;0,026010;0,001321
IfcColumn;Corta fuego central;3o4WY3YIT3DhC3QAcvZpBD;Madera-Pilar:508 x 1016 Bis:482476;0,001321;0,026010;0,001321
IfcColumn;Corta fuego central;3o4WY3YIT3DhC3QAcvZq7p;Madera-Pilar:508 x 1016 Bis:470930;0,001321;0,026010;0,001321
IfcColumn;Corta fuego central;1XyRjTmDTBrRNW_ycfHU3J;Madera-Pilar:508 x 1016:727060;0,001321;0,026010;0,001321
IfcColumn;Corta fuego central;3hGbOGFPjDzRTkFrVwI2tK;Madera-Pilar:508 x 1016 Bis:604073;0,001321;0,026010;0,001321
IfcColumn;Corta fuego central;11hGI9g8T8Dge2YVgD1dF5;Madera-Pilar:508 x 1016 Bis:730474;0,001321;0,026010;
IfcColumn;Corta fuego central;2vmqESjFX7AQXpuv0j9rTo;Madera-Pilar:508 x 1016 Bis:754968;0,001321;0,026010;0,001321
IfcColumn;Corta fuego central;2D_MstZEL04Rg$J6LzINPb;Madera-Pilar:508 x 1016 Bis:838493;0,001321;0,026010;
IfcColumn;Corta fuego central;017IcDgrb8e9Yrvaj4Ei31;Madera-Pilar:508 x 1016 Bis:462807;0,001321;0,026010;0,001321
IfcColumn;Corta fuego central;017IcDgrb8e9Yrvaj4Ei3E;Madera-Pilar:508 x 1016 Bis:462808;0,001321;0,026010;
IfcColumn;Corta fuego central;017IcDgrb8e9Yrvaj4Ei3F;Madera-Pilar:508 x 1016 Bis:462809;0,001321;0,026010;
IfcColumn;Corta fuego central;017IcDgrb8e9Yrvaj4Ei3A;Madera-Pilar:508 x 1016 Bis:462812;0,001321;0,026010;
IfcColumn;Corta fuego central;017IcDgrb8e9Yrvaj4Ei38;Madera-Pilar:508 x 1016 Bis:462814;0,001321;0,026010;
IfcColumn;Corta fuego central;3o4WY3YIT3DhC3QAcvZrRw;Madera-Pilar:508 x 1016 Bis:473243;0,001321;0,026010;
IfcColumn;Corta fuego central;3o4WY3YIT3DhC3QAcvZogv;Madera-Pilar:508 x 1016 Bis:476376;0,001321;0,026010;0,001321
IfcColumn;Corta fuego central;3o4WY3YIT3DhC3QAcvZogx;Madera-Pilar:508 x 1016 Bis:476378;0,001321;0,026010;
IfcColumn;Corta fuego central;3o4WY3YIT3DhC3QAcvZoL3;Madera-Pilar:508 x 1016 Bis:477986;0,001321;0,026010;
IfcColumn;Corta fuego central;3o4WY3YIT3DhC3QAcvZoL4;Madera-Pilar:508 x 1016 Bis:477989;0,001321;0,026010;
IfcColumn;Corta fuego central;3o4WY3YIT3DhC3QAcvZoL7;Madera-Pilar:508 x 1016 Bis:477990;0,001321;0,026010;
IfcColumn;Corta fuego central;3o4WY3YIT3DhC3QAcvZoL6;Madera-Pilar:508 x 1016 Bis:477991;0,001321;0,026010;
IfcColumn;Corta fuego central;3o4WY3YIT3DhC3QAcvZoL9;Madera-Pilar:508 x 1016 Bis:477992;0,001321;0,026010;
IfcColumn;Corta fuego central;3o4WY3YIT3DhC3QAcvZoL8;Madera-Pilar:508 x 1016 Bis:477993;0,001321;0,026010;
IfcColumn;Corta fuego central;3o4WY3YIT3DhC3QAcvZoLB;Madera-Pilar:508 x 1016 Bis:477994;0,001321;0,026010;
IfcColumn;Corta fuego central;3o4WY3YIT3DhC3QAcvZoLA;Madera-Pilar:508 x 1016 Bis:477995;0,001321;0,026010;
IfcColumn;Corta fuego central;3o4WY3YIT3DhC3QAcvZoLF;Madera-Pilar:508 x 1016 Bis:477998;0,001321;0,026010;
IfcColumn;Corta fuego central;3o4WY3YIT3DhC3QAcvZoLE;Madera-Pilar:508 x 1016 Bis:477999;0,001321;0,026010;
IfcColumn;Corta fuego central;3o4WY3YIT3DhC3QAcvZoLH;Madera-Pilar:508 x 1016 Bis:478000;0,001321;0,026010;
IfcColumn;Corta fuego central;3o4WY3YIT3DhC3QAcvZoLL;Madera-Pilar:508 x 1016 Bis:478004;0,001321;0,026010;
IfcColumn;Corta fuego central;3o4WY3YIT3DhC3QAcvZoLK;Madera-Pilar:508 x 1016 Bis:478005;0,001321;0,026010;
IfcColumn;Corta fuego central;1AETc7D1PBRQCf__wuePpR;Madera-Pilar:508 x 1016 Bis:602348;0,001321;0,026010;
IfcColumn;Corta fuego central;3hGbOGFPjDzRTkFrVwI2t8;Madera-Pilar:508 x 1016 Bis:604085;0,001321;0,026010;
IfcColumn;Corta fuego central;3hGbOGFPjDzRTkFrVwI2A0;Madera-Pilar:508 x 1016 Bis:604413;0,001321;0,026010;
IfcColumn;Corta fuego central;31U69hZCLDCAqgch2c3m3I;Madera-Pilar:508 x 1016 Bis:721023;0,001321;0,026010;
IfcColumn;Corta fuego central;31CVGmJljB$9y9FchjqwI$;Madera-Pilar:508 x 1016 Bis:742886;0,001321;0,026010;
IfcColumn;Corta fuego central;2vmqESjFX7AQXpuv0j9rzi;Madera-Pilar:508 x 1016 Bis:756998;0,001321;0,026010;
IfcColumn;Corta fuego central;2Fx1YQ7bT3HeEfpn8$IQ31;Madera-Pilar:508 x 1016 Bis:761129;0,001321;0,026010;
IfcColumn;Corta fuego central;2vTlNdHrH2jOmEICUVakcn;Madera-Pilar:508 x 1016 Bis:774943;0,001321;0,026010;0,001321
IfcColumn;Corta fuego central;2vTlNdHrH2jOmEICUVakdT;Madera-Pilar:508 x 1016 Bis:775027;0,001321;0,026010;
IfcColumn;Corta fuego central;0M74zrrYLEAByWafwnjOTD;Madera-Pilar:508 x 1016 Bis:778101;0,001321;0,026010;
IfcColumn;Corta fuego central;0M74zrrYLEAByWafwnjOUm;Madera-Pilar:508 x 1016 Bis:778120;0,001321;0,026010;
IfcColumn;Corta fuego central;0M74zrrYLEAByWafwnjRrx;Madera-Pilar:508 x 1016 Bis:779587;0,001321;0,026010;
IfcColumn;Corta fuego central;1375eEeY5DAPHpwHlkVa8z;Madera-Pilar:508 x 1016 Bis:798726;0,001321;0,026010;
IfcColumn;Corta fuego central;1375eEeY5DAPHpwHlkVa8h;Madera-Pilar:508 x 1016 Bis:798736;0,001321;0,026010;
IfcColumn;Corta fuego central;3Nc8k3oVLENBa_mpUUH4BP;Madera-Pilar:508 x 1016 Bis:803148;0,001321;0,026010;
IfcColumn;Corta fuego central;1oDoWiI5XAsBFQurbqz2kN;Madera-Pilar:508 x 1016 Bis:844701;0,001321;0,026010;
IfcColumn;Corta fuego central;1oDoWiI5XAsBFQurbqz2mf;Madera-Pilar:508 x 1016 Bis:844835;0,001321;0,026010;
IfcColumn;Corta fuego central;1oDoWiI5XAsBFQurbqz2mb;Madera-Pilar:508 x 1016 Bis:844847;0,001321;0,026010;
IfcColumn;Corta fuego central;3o4WY3YIT3DhC3QAcvZq7l;Madera-Pilar:508 x 1016:470926;0,001321;0,026010;0,001321
IfcColumn;Corta fuego central;3o4WY3YIT3DhC3QAcvZpBC;Madera-Pilar:508 x 1016 Bis:482477;0,001321;0,026010;0,001321
IfcColumn;Corta fuego central;3o4WY3YIT3DhC3QAcvZpBG;Madera-Pilar:508 x 1016 Bis:482481;0,001321;0,026010;0,001321
IfcColumn;Corta fuego central;1tgHqkfxHEbPVIsTIcvcZ7;Madera-Pilar:508 x 1016:851841;0,001321;0,026010;0,001321
IfcColumn;Corta fuego central;3o4WY3YIT3DhC3QAcvZoth;Madera-Pilar:508 x 1016:476042;0,001321;0,026010;0,001321
IfcColumn;Corta fuego central;3o4WY3YIT3DhC3QAcvZott;Madera-Pilar:508 x 1016:476054;0,001321;0,026010;0,001321
IfcColumn;Corta fuego central;3o4WY3YIT3DhC3QAcvZp$A;Madera-Pilar:508 x 1016:479659;0,001321;0,026010;0,001321
IfcColumn;Corta fuego central;3o4WY3YIT3DhC3QAcvZp$H;Madera-Pilar:508 x 1016:479664;0,001321;0,026010;0,001321
IfcColumn;Corta fuego central;3Nc8k3oVLENBa_mpUUH4b5;Madera-Pilar:508 x 1016:805584;0,001321;0,026010;0,001321
IfcColumn;Corta fuego central;1oDoWiI5XAsBFQurbqz2Wv;Madera-Pilar:508 x 1016:843827;0,001321;0,026010;0,001321
IfcColumn;Corta fuego central;1oDoWiI5XAsBFQurbqz2d$;Madera-Pilar:508 x 1016:844277;0,001321;0,026010;0,001321
IfcColumn;Corta fuego central;3o4WY3YIT3DhC3QAcvZq7i;Madera-Pilar:508 x 1016:470925;0,001321;0,026010;0,001321
IfcColumn;Corta fuego central;3o4WY3YIT3DhC3QAcvZoto;Madera-Pilar:508 x 1016:476051;0,001321;0,026010;0,001321
IfcColumn;Corta fuego central;2UPZHC5AL21BMX$edrrp_e;Madera-Pilar:508 x 1016:813292;0,001321;0,026010;0,001321
IfcColumn;Corta fuego central;3o4WY3YIT3DhC3QAcvZotn;Madera-Pilar:508 x 1016:476048;0,001321;0,026010;0,001321
IfcColumn;Corta fuego central;3hGbOGFPjDzRTkFrVwI5$D;Madera-Pilar:508 x 1016:607664;0,001321;0,026010;0,001321
IfcColumn;Corta fuego central;3o4WY3YIT3DhC3QAcvZpBH;Madera-Pilar:508 x 1016 Bis:482480;0,001321;0,026010;0,001321
IfcColumn;Corta fuego central;2UPZHC5AL21BMX$edrrmmx;Madera-Pilar:508 x 1016:809855;0,001321;0,026010;0,001321
IfcColumn;Corta fuego central;2UPZHC5AL21BMX$edrroRj;Madera-Pilar:508 x 1016:815529;0,001321;0,026010;0,001321
IfcColumn;Corta fuego central;1AETc7D1PBRQCf__wuePzE;Madera-Pilar:508 x 1016 Bis:603001;0,001321;0,026010;0,001321
IfcColumn;Corta fuego central;2Fx1YQ7bT3HeEfpn8$IQ10;Madera-Pilar:508 x 1016 Bis:761256;0,001321;0,026010;0,001321
IfcColumn;Corta fuego central;2UPZHC5AL21BMX$e$rrpBS;Madera-Pilar:508 x 1016:812440;0,001321;0,026010;0,001321
IfcColumn;Corta fuego central;2D_MstZEL04Rg$J6LzINZB;Madera-Pilar:508 x 1016 Bis:837107;0,001321;0,026010;0,001321
IfcColumn;Corta fuego central;3o4WY3YIT3DhC3QAcvZpBA;Madera-Pilar:508 x 1016 Bis:482475;0,001321;0,026010;0,001321
IfcColumn;Corta fuego central;3o4WY3YIT3DhC3QAcvZp$J;Madera-Pilar:508 x 1016:479666;0,001321;0,026010;0,001321
IfcColumn;Corta fuego central;1oDoWiI5XAsBFQurbqz2o0;Madera-Pilar:508 x 1016 Bis:844938;0,001321;0,026010;0,001321
IfcColumn;Corta fuego central;3o4WY3YIT3DhC3QAcvZp$G;Madera-Pilar:508 x 1016:479665;0,001321;0,026010;0,001321
IfcColumn;Corta fuego central;3o4WY3YIT3DhC3QAcvZp$E;Madera-Pilar:508 x 1016:479663;0,001321;0,026010;0,001321
IfcColumn;Corta fuego central;1oDoWiI5XAsBFQurbqz2c0;Madera-Pilar:508 x 1016:844170;0,001321;0,026010;0,001321
IfcColumn;Corta fuego central;3o4WY3YIT3DhC3QAcvZots;Madera-Pilar:508 x 1016:476055;0,001321;0,026010;0,001321
IfcColumn;Corta fuego central;3o4WY3YIT3DhC3QAcvZoti;Madera-Pilar:508 x 1016:476045;0,001321;0,026010;0,001321
IfcColumn;Corta fuego central;3o4WY3YIT3DhC3QAcvZt4_;Madera-Pilar:508 x 1016:466783;0,001321;0,026010;0,001321
IfcColumn;Corta fuego central;3o4WY3YIT3DhC3QAcvZp$D;Madera-Pilar:508 x 1016:479660;0,001321;0,026010;0,001321
IfcColumn;Corta fuego central;3hGbOGFPjDzRTkFrVwI5$2;Madera-Pilar:508 x 1016:607679;0,001321;0,026010;0,001321
IfcColumn;Corta fuego central;0JcdXlDaH1Vf6_J4rYAKMw;Madera-Pilar:508 x 762 Bis:773011;0,000991;0,019507;0,000991
IfcColumn;Corta fuego central;3o4WY3YIT3DhC3QAcvZpti;Madera-Pilar:508 x 762:480141;0,000991;0,019507;0,000991
IfcColumn;Corta fuego central;2Fx1YQ7bT3HeEfpn8$IQ30;Madera-Pilar:508 x 762 Bis:761128;0,000991;0,019507;0,000991
IfcColumn;Corta fuego central;3o4WY3YIT3DhC3QAcvZptr;Madera-Pilar:508 x 762:480148;0,000991;0,019507;0,000991
IfcColumn;Corta fuego central;3o4WY3YIT3DhC3QAcvZoRN;Madera-Pilar:508 x 762 Bis:477366;0,000991;0,019507;0,000991
IfcColumn;Corta fuego central;2UPZHC5AL21BMX$edrroOL;Madera-Pilar:508 x 762:815441;0,000991;0,019507;0,000991
IfcColumn;Corta fuego central;3o4WY3YIT3DhC3QAcvZoRK;Madera-Pilar:508 x 762 Bis:477365;0,000991;0,019507;0,000991
IfcColumn;Corta fuego central;017IcDgrb8e9Yrvaj4Ei7F;Madera-Pilar:508 x 762 Bis:462553;0,000991;0,019507;0,000991
IfcColumn;Corta fuego central;3o4WY3YIT3DhC3QAcvZoRL;Madera-Pilar:508 x 762 Bis:477364;0,000991;0,019507;0,000991
IfcColumn;Corta fuego central;3o4WY3YIT3DhC3QAcvZooN;Madera-Pilar:508 x 762:475894;0,000991;0,019507;0,000991
IfcColumn;Corta fuego central;3o4WY3YIT3DhC3QAcvZoR0;Madera-Pilar:508 x 762 Bis:477345;0,000991;0,019507;0,000991
IfcColumn;Corta fuego central;3o4WY3YIT3DhC3QAcvZptn;Madera-Pilar:508 x 762:480144;0,000991;0,019507;0,000991
IfcColumn;Corta fuego central;27PH5$VWf25ezVaOE2RmRE;Madera-Pilar:508 x 762:559002;0,000991;0,019507;0,000991
IfcColumn;Corta fuego central;3Nc8k3oVLENBa_mpUUH4bQ;Madera-Pilar:508 x 762:805583;0,000991;0,019507;0,000991
IfcColumn;Corta fuego central;1oDoWiI5XAsBFQurbqz2dy;Madera-Pilar:508 x 762:844278;0,000991;0,019507;0,000991
IfcColumn;Corta fuego central;1oDoWiI5XAsBFQurbqz2f_;Madera-Pilar:508 x 762:844404;0,000991;0,019507;0,000991
IfcColumn;Corta fuego central;3o4WY3YIT3DhC3QAcvZooR;Madera-Pilar:508 x 762:475898;0,000991;0,019507;0,000991
IfcColumn;Corta fuego central;2UPZHC5AL21BMX$edrrmn4;Madera-Pilar:508 x 762:809728;0,000991;0,019507;0,000991
IfcColumn;Corta fuego central;1oDoWiI5XAsBFQurbqz2W_;Madera-Pilar:508 x 762:843828;0,000991;0,019507;0,000991
IfcColumn;Corta fuego central;1oDoWiI5XAsBFQurbqz2c1;Madera-Pilar:508 x 762:844171;0,000991;0,019507;0,000991
IfcColumn;Corta fuego central;2UPZHC5AL21BMX$e$rrpBJ;Madera-Pilar:508 x 762:812439;0,000991;0,019507;0,000991
IfcColumn;Corta fuego central;2UPZHC5AL21BMX$edrrp2g;Madera-Pilar:508 x 762:813038;0,000991;0,019507;0,000991
IfcColumn;Corta fuego central;017IcDgrb8e9Yrvaj4Ei74;Madera-Pilar:508 x 762 Bis:462546;0,000991;0,019507;0,000991
IfcColumn;Corta fuego central;3o4WY3YIT3DhC3QAcvZptt;Madera-Pilar:508 x 762:480150;0,000991;0,019507;0,000991
IfcColumn;Corta fuego central;3o4WY3YIT3DhC3QAcvZpN6;Madera-Pilar:508 x 762 Bis:482215;0,000991;0,019507;0,000991
IfcColumn;Corta fuego central;3Nc8k3oVLENBa_mpUUH4BU;Madera-Pilar:508 x 762 Bis:803147;0,000991;0,019507;0,000991
IfcColumn;Corta fuego central;3o4WY3YIT3DhC3QAcvZooQ;Madera-Pilar:508 x 762:475899;0,000991;0,019507;0,000991
IfcColumn;Corta fuego central;2D_MstZEL04Rg$J6LzINQg;Madera-Pilar:508 x 762:838546;0,000991;0,019507;0,000991
IfcColumn;Corta fuego central;2D_MstZEL04Rg$J6LzINZA;Madera-Pilar:508 x 762 Bis:837106;0,000991;0,019507;0,000991
IfcColumn;Corta fuego central;3o4WY3YIT3DhC3QAcvZpN1;Madera-Pilar:508 x 762 Bis:482208;0,000991;0,019507;0,000991
IfcColumn;Corta fuego central;2UPZHC5AL21BMX$edrrp2f;Madera-Pilar:508 x 762:813037;0,000991;0,019507;0,000991
IfcColumn;Corta fuego central;3o4WY3YIT3DhC3QAcvZq0p;Madera-Pilar:508 x 762:470610;0,000991;0,019507;0,000991
IfcColumn;Corta fuego central;3o4WY3YIT3DhC3QAcvZrHa;Madera-Pilar:508 x 762 Bis:473605;0,000991;0,019507;0,000991
IfcColumn;Corta fuego central;1tgHqkfxHEbPVIsTIcvcZ6;Madera-Pilar:508 x 762:851840;0,000991;0,019507;0,000991
IfcColumn;Corta fuego central;3o4WY3YIT3DhC3QAcvZq0m;Madera-Pilar:508 x 762:470609;0,000991;0,019507;0,000991
IfcColumn;Corta fuego central;3o4WY3YIT3DhC3QAcvZpN2;Madera-Pilar:508 x 762 Bis:482211;0,000991;0,019507;0,000991
IfcColumn;Corta fuego central;3o4WY3YIT3DhC3QAcvZpNy;Madera-Pilar:508 x 762 Bis:482205;0,000991;0,019507;0,000991
IfcColumn;Corta fuego central;2CHu75xVrEVfty8xdBTxo4;Madera-Pilar:508 x 762 Bis:827708;0,000991;0,019507;0,000991
IfcColumn;Corta fuego central;2D_MstZEL04Rg$J6LzINTd;Madera-Pilar:508 x 762 Bis:838239;0,000991;0,019507;0,000991
IfcColumn;Corta fuego central;1tgHqkfxHEbPVIsTIcvcYI;Madera-Pilar:508 x 762:851924;0,000991;0,019507;0,000991
IfcColumn;Corta fuego central;1XyRjTmDTBrRNW_ycfHU$i;Madera-Pilar:508 x 762:726827;0,000991;0,019507;0,000991
IfcColumn;Corta fuego central;3o4WY3YIT3DhC3QAcvZoR4;Madera-Pilar:508 x 762 Bis:477349;0,000991;0,019507;0,000991
IfcColumn;Corta fuego central;3o4WY3YIT3DhC3QAcvZoR7;Madera-Pilar:508 x 762 Bis:477350;0,000991;0,019507;
IfcColumn;Corta fuego central;3o4WY3YIT3DhC3QAcvZoR6;Madera-Pilar:508 x 762 Bis:477351;0,000991;0,019507;
IfcColumn;Corta fuego central;3o4WY3YIT3DhC3QAcvZoR9;Madera-Pilar:508 x 762 Bis:477352;0,000991;0,019507;
IfcColumn;Corta fuego central;3o4WY3YIT3DhC3QAcvZoR8;Madera-Pilar:508 x 762 Bis:477353;0,000991;0,019507;
IfcColumn;Corta fuego central;3o4WY3YIT3DhC3QAcvZoRB;Madera-Pilar:508 x 762 Bis:477354;0,000991;0,019507;
IfcColumn;Corta fuego central;3o4WY3YIT3DhC3QAcvZoRA;Madera-Pilar:508 x 762 Bis:477355;0,000991;0,019507;
IfcColumn;Corta fuego central;3o4WY3YIT3DhC3QAcvZoRF;Madera-Pilar:508 x 762 Bis:477358;0,000991;0,019507;
IfcColumn;Corta fuego central;3o4WY3YIT3DhC3QAcvZoRE;Madera-Pilar:508 x 762 Bis:477359;0,000991;0,019507;
IfcColumn;Corta fuego central;3o4WY3YIT3DhC3QAcvZpN0;Madera-Pilar:508 x 762 Bis:482209;0,000991;0,019507;0,000991
IfcColumn;Corta fuego central;3o4WY3YIT3DhC3QAcvZpN5;Madera-Pilar:508 x 762 Bis:482212;0,000991;0,019507;0,000991
IfcColumn;Corta fuego central;2D_MstZEL04Rg$J6LzINJE;Madera-Pilar:508 x 762 Bis:838134;0,000991;0,019507;0,000991
IfcColumn;Corta fuego central;11hGI9g8T8Dge2YVgD1dF6;Madera-Pilar:508 x 762 Bis:730473;0,000991;0,019507;0,000991
IfcColumn;Corta fuego central;3o4WY3YIT3DhC3QAcvZpN_;Madera-Pilar:508 x 762 Bis:482207;0,000991;0,019507;0,000991
IfcColumn;Corta fuego central;3o4WY3YIT3DhC3QAcvZpN3;Madera-Pilar:508 x 762 Bis:482210;0,000991;0,019507;0,000991
IfcColumn;Corta fuego central;2vmqESjFX7AQXpuv0j9rTz;Madera-Pilar:508 x 762 Bis:754967;0,000991;0,019507;0,000991
IfcColumn;Corta fuego central;3o4WY3YIT3DhC3QAcvZoRH;Madera-Pilar:508 x 762 Bis:477360;0,000991;0,019507;0,000991
IfcColumn;Corta fuego central;0JcdXlDaH1Vf6_J4rYAKM7;Madera-Pilar:508 x 762 Bis:773038;0,000991;0,019507;0,000991
IfcColumn;Corta fuego central;3o4WY3YIT3DhC3QAcvZooU;Madera-Pilar:508 x 762:475903;0,000991;0,019507;0,000991
IfcColumn;Corta fuego central;3o4WY3YIT3DhC3QAcvZorZ;Madera-Pilar:508 x 762:475906;0,000991;0,019507;0,000991
IfcColumn;Corta fuego central;3o4WY3YIT3DhC3QAcvZora;Madera-Pilar:508 x 762:475909;0,000991;0,019507;0,000991
IfcColumn;Corta fuego central;3o4WY3YIT3DhC3QAcvZpto;Madera-Pilar:508 x 762:480147;0,000991;0,019507;0,000991
IfcColumn;Corta fuego central;3o4WY3YIT3DhC3QAcvZptq;Madera-Pilar:508 x 762:480149;0,000991;0,019507;0,000991
IfcColumn;Corta fuego central;2Fx1YQ7bT3HeEfpn8$IQ12;Madera-Pilar:508 x 762 Bis:761258;0,000991;0,019507;0,000991
IfcColumn;Corta fuego central;2UPZHC5AL21BMX$e$rrpcc;Madera-Pilar:508 x 762:814818;0,000991;0,019507;0,000991
IfcColumn;Corta fuego central;2UPZHC5AL21BMX$edrroRi;Madera-Pilar:508 x 762:815528;0,000991;0,019507;0,000991
IfcColumn;Corta fuego central;017IcDgrb8e9Yrvaj4Ei75;Madera-Pilar:508 x 762 Bis:462547;0,000991;0,019507;0,000991
IfcColumn;Corta fuego central;0M74zrrYLEAByWafwnjOHy;Madera-Pilar:508 x 762 Bis:777284;0,000991;0,019507;0,000991
IfcColumn;Corta fuego central;3o4WY3YIT3DhC3QAcvZpN$;Madera-Pilar:508 x 762 Bis:482206;0,000991;0,019507;0,000991
IfcColumn;Corta fuego central;3o4WY3YIT3DhC3QAcvZq0o;Madera-Pilar:508 x 762:470611;0,000991;0,019507;0,000991
IfcColumn;Corta fuego central;2vmqESjFX7AQXpuv0j9rzl;Madera-Pilar:508 x 762 Bis:756997;0,000991;0,019507;0,000991
IfcColumn;Corta fuego central;017IcDgrb8e9Yrvaj4Ei70;Madera-Pilar:508 x 762 Bis:462550;0,000991;0,019507;0,000991
IfcColumn;Corta fuego central;017IcDgrb8e9Yrvaj4Ei71;Madera-Pilar:508 x 762 Bis:462551;0,000991;0,019507;0,000991
IfcColumn;Corta fuego central;3o4WY3YIT3DhC3QAcvZptk;Madera-Pilar:508 x 762:480143;0,000991;0,019507;0,000991
IfcColumn;Corta fuego central;2vmqESjFX7AQXpuv0j9w3i;Madera-Pilar:508 x 762 Bis:750214;0,000991;0,019507;0,000991
IfcColumn;Corta fuego central;3o4WY3YIT3DhC3QAcvZoR3;Madera-Pilar:508 x 762 Bis:477346;0,000991;0,019507;0,000991
IfcColumn;Corta fuego central;3Nc8k3oVLENBa_mpUUH3W1;Madera-Pilar:508 x 762 Bis:801684;0,000991;0,019507;0,000991
IfcColumn;Corta fuego central;3o4WY3YIT3DhC3QAcvZqwi;Madera-Pilar:508 x 762:467149;0,000991;0,019507;0,000991
IfcColumn;Corta fuego central;3o4WY3YIT3DhC3QAcvZoR1;Madera-Pilar:508 x 762 Bis:477344;0,000991;0,019507;0,000991
IfcColumn;Corta fuego central;2vTlNdHrH2jOmEICUVakWX;Madera-Pilar:508 x 762 Bis:774799;0,000991;0,019507;0,000991
IfcColumn;Corta fuego central;3o4WY3YIT3DhC3QAcvZooM;Madera-Pilar:508 x 762:475895;0,000991;0,019507;0,000991
IfcColumn;Corta fuego central;2vTlNdHrH2jOmEICUVakcc;Madera-Pilar:508 x 762 Bis:774920;0,000991;0,019507;0,000991
IfcColumn;Corta fuego central;2UPZHC5AL21BMX$e$rroCV;Madera-Pilar:508 x 762:816219;0,000991;0,019507;0,000991
IfcColumn;Corta fuego central;2UPZHC5AL21BMX$edrrmn5;Madera-Pilar:508 x 762:809729;0,000991;0,019507;0,000991
IfcColumn;Corta fuego central;1a8P5_QNH6xPtC01F1VzKm;Madera-Pilar:508 x 1016:789087;0,000850;0,016723;0,000850
IfcColumn;Corta fuego central;1375eEeY5DAPHpwHlkVboC;Madera-Pilar:508 x 1016:798391;0,000850;0,016723;0,000850
IfcColumn;Corta fuego central;3o4WY3YIT3DhC3QAcvZotm;Madera-Pilar:508 x 1016:476049;0,000850;0,016723;0,000850
IfcColumn;Corta fuego central;1a8P5_QNH6xPtC01F1VzJo;Madera-Pilar:508 x 762:789405;0,000637;0,012543;0,000637
IfcColumn;Corta fuego central;1375eEeY5DAPHpwHlkVboD;Madera-Pilar:508 x 762:798390;0,000637;0,012543;0,000637
IfcColumn;Corta fuego central;3o4WY3YIT3DhC3QAcvZooS;Madera-Pilar:508 x 762:475901;0,000637;0,012543;0,000637
IfcColumn;Corta fuego cumbrera;27PH5$VWf25ezVaOo2Rm6c;"Madera-Pilar:3""x6"":557298";0,007351;0,096469;0,007351
IfcColumn;Corta fuego cumbrera;27PH5$VWf25ezVaOo2Rm6d;"Madera-Pilar:3""x6"":557299";0,007351;0,096469;0,007351
IfcColumn;Corta fuego cumbrera;3o4WY3YIT3DhC3QAQvZpNz;"Madera-Pilar:3""x6"":482204";0,007351;0,096469;0,007351
IfcColumn;Corta fuego cumbrera;27PH5$VWf25ezVaOo2Rm7o;"Madera-Pilar:3""x6"":557222";0,007351;0,096469;0,007351
IfcColumn;Corta fuego cumbrera;2D_MstZEL04Rg$J6fzINTO;Madera-Pilar:508 x 1016 Bis:838240;0,003542;0,069718;0,003542
IfcColumn;Corta fuego cumbrera;3o4WY3YIT3DhC3QAQvZpB8;Madera-Pilar:508 x 1016 Bis:482473;0,003542;0,069718;0,003542
IfcColumn;Corta fuego cumbrera;3o4WY3YIT3DhC3QAQvZpBD;Madera-Pilar:508 x 1016 Bis:482476;0,003542;0,069718;0,003542
IfcColumn;Corta fuego cumbrera;3o4WY3YIT3DhC3QAQvZpBA;Madera-Pilar:508 x 1016 Bis:482475;0,003542;0,069718;0,003542
IfcColumn;Corta fuego cumbrera;1AETc7D1PBRQCf__6uePzE;Madera-Pilar:508 x 1016 Bis:603001;0,003542;0,069718;0,003542
IfcColumn;Corta fuego cumbrera;3o4WY3YIT3DhC3QAQvZp$J;Madera-Pilar:508 x 1016:479666;0,003542;0,069718;0,003542
IfcColumn;Corta fuego cumbrera;1oDoWiI5XAsBFQurPqz2oA;Madera-Pilar:508 x 1016 Bis:844928;0,003542;0,069718;0,003542
IfcColumn;Corta fuego cumbrera;3o4WY3YIT3DhC3QAQvZpBC;Madera-Pilar:508 x 1016 Bis:482477;0,003542;0,069718;0,003542
IfcColumn;Corta fuego cumbrera;1oDoWiI5XAsBFQurPqz2o0;Madera-Pilar:508 x 1016 Bis:844938;0,003542;0,069718;0,003542
IfcColumn;Corta fuego cumbrera;3o4WY3YIT3DhC3QAQvZpBG;Madera-Pilar:508 x 1016 Bis:482481;0,003542;0,069718;0,003542
IfcColumn;Corta fuego cumbrera;3o4WY3YIT3DhC3QAQvZq7p;Madera-Pilar:508 x 1016 Bis:470930;0,003542;0,069718;0,003542
IfcColumn;Corta fuego cumbrera;3o4WY3YIT3DhC3QAQvZpBE;Madera-Pilar:508 x 1016 Bis:482479;0,003542;0,069718;0,003542
IfcColumn;Corta fuego cumbrera;3o4WY3YIT3DhC3QAQvZpBH;Madera-Pilar:508 x 1016 Bis:482480;0,003542;0,069718;0,003542
IfcColumn;Corta fuego cumbrera;3o4WY3YIT3DhC3QAQvZpBF;Madera-Pilar:508 x 1016 Bis:482478;0,003542;0,069718;0,003542
IfcColumn;Corta fuego cumbrera;3o4WY3YIT3DhC3QAQvZpBB;Madera-Pilar:508 x 1016 Bis:482474;0,003542;0,069718;0,003542
IfcColumn;Corta fuego cumbrera;2D_MstZEL04Rg$J6fzINJF;Madera-Pilar:508 x 1016 Bis:838135;0,003542;0,069718;0,003542
IfcColumn;Corta fuego cumbrera;3hGbOGFPjDzRTkFrZwI2vi;Madera-Pilar:508 x 1016 Bis:603153;0,003542;0,069718;0,003542
IfcColumn;Corta fuego cumbrera;2D_MstZEL04Rg$J6fzINZB;Madera-Pilar:508 x 1016 Bis:837107;0,003542;0,069718;0,003542
IfcColumn;Corta fuego cumbrera;2UPZHC5AL21BMX$edrro0j;Madera-Pilar:508 x 1016:817001;0,003466;0,068223;0,003466
IfcColumn;Corta fuego cumbrera;3o4WY3YIT3DhC3QAQvZpN1;Madera-Pilar:508 x 762 Bis:482208;0,003290;0,064770;0,003290
IfcColumn;Corta fuego cumbrera;2UPZHC5AL21BMX$edrro0n;Madera-Pilar:508 x 1016:817013;0,003224;0,063470;0,003224
IfcColumn;Corta fuego cumbrera;2D_MstZEL04Rg$J6fzINTd;Madera-Pilar:508 x 762 Bis:838239;0,003210;0,063182;0,003210
IfcColumn;Corta fuego cumbrera;3o4WY3YIT3DhC3QAQvZpN$;Madera-Pilar:508 x 762 Bis:482206;0,003040;0,059847;0,003040
IfcColumn;Corta fuego cumbrera;3o4WY3YIT3DhC3QAQvZpN_;Madera-Pilar:508 x 762 Bis:482207;0,003040;0,059847;0,003040
IfcColumn;Corta fuego cumbrera;3o4WY3YIT3DhC3QAQvZpNy;Madera-Pilar:508 x 762 Bis:482205;0,003040;0,059847;0,003040
IfcColumn;Corta fuego cumbrera;3o4WY3YIT3DhC3QAQvZptt;Madera-Pilar:508 x 762:480150;0,003031;0,059672;0,003031
IfcColumn;Corta fuego cumbrera;3o4WY3YIT3DhC3QAQvZp$G;Madera-Pilar:508 x 1016:479665;0,003001;0,059076;0,003001
IfcColumn;Corta fuego cumbrera;1W0XCr7jvBfA1PFbIGupsG;Madera-Pilar:508 x 762:806837;0,002599;0,051167;0,002599
IfcColumn;Corta fuego cumbrera;2UPZHC5AL21BMX$edrro6g;Madera-Pilar:508 x 762:816878;0,002418;0,047603;0,002418
IfcColumn;Corta fuego cumbrera;3o4WY3YIT3DhC3QAQvZpN3;Madera-Pilar:508 x 762 Bis:482210;0,002307;0,045415;0,002307
IfcColumn;Corta fuego cumbrera;3o4WY3YIT3DhC3QAQvZpN5;Madera-Pilar:508 x 762 Bis:482212;0,002307;0,045415;0,002307
IfcColumn;Corta fuego cumbrera;3o4WY3YIT3DhC3QAQvZpN0;Madera-Pilar:508 x 762 Bis:482209;0,002307;0,045415;0,002307
IfcColumn;Corta fuego cumbrera;3o4WY3YIT3DhC3QAQvZpN2;Madera-Pilar:508 x 762 Bis:482211;0,002307;0,045415;0,002307
IfcColumn;Corta fuego cumbrera;3o4WY3YIT3DhC3QAQvZpN6;Madera-Pilar:508 x 762 Bis:482215;0,002307;0,045415;0,002307
IfcColumn;Corta fuego cumbrera;3o4WY3YIT3DhC3QAQvZptq;Madera-Pilar:508 x 762:480149;0,002251;0,044307;0,002251
IfcColumn;Corta fuego cumbrera;1375eEeY5DAPHpwHtkVbpR;Madera-Pilar:508 x 1016:798432;0,002203;0,043362;0,002203
IfcColumn;Corta fuego cumbrera;2UPZHC5AL21BMX$edrro35;Madera-Pilar:508 x 1016:817025;0,002131;0,041956;0,002131
IfcColumn;Corta fuego cumbrera;3o4WY3YIT3DhC3QAQvZp$H;Madera-Pilar:508 x 1016:479664;0,002102;0,041374;0,002102
IfcColumn;Corta fuego cumbrera;1375eEeY5DAPHpwHtkVbpa;Madera-Pilar:508 x 762:798431;0,001652;0,032521;0,001652
IfcColumn;Corta fuego cumbrera;2UPZHC5AL21BMX$edrro6z;Madera-Pilar:508 x 762:816889;0,001599;0,031467;0,001599
IfcColumn;Corta fuego cumbrera;3o4WY3YIT3DhC3QAQvZptr;Madera-Pilar:508 x 762:480148;0,001576;0,031030;0,001576
IfcColumn;Corta fuego cumbrera;3o4WY3YIT3DhC3QAQvZp$E;Madera-Pilar:508 x 1016:479663;0,001194;0,023503;0,001194
IfcColumn;Corta fuego cumbrera;2UPZHC5AL21BMX$edrro39;Madera-Pilar:508 x 1016:817037;0,001068;0,021018;0,001068
IfcColumn;Corta fuego cumbrera;1W0XCr7jvBfA1PFbIGuo8m;Madera-Pilar:508 x 1016:806933;0,000940;0,018510;0,000940
IfcColumn;Corta fuego cumbrera;3o4WY3YIT3DhC3QAQvZpto;Madera-Pilar:508 x 762:480147;0,000895;0,017627;0,000895
IfcColumn;Corta fuego cumbrera;2UPZHC5AL21BMX$edrro10;Madera-Pilar:508 x 762:816900;0,000801;0,015763;0,000801
IfcColumn;Corta fuego cumbrera;1W0XCr7jvBfA1PFbIGupsF;Madera-Pilar:508 x 762:806826;0,000705;0,013883;0,000705
IfcColumn;Corta fuego cumbrera;1tgHqkfxHEbPVIsTkcvcYI;Madera-Pilar:508 x 762:851924;0,000455;0,008949;0,000455
IfcColumn;Corta fuegos 0.12;27PH5$VWf25ezVaOw2Rm6c;"Madera-Pilar:3""x6"":557298";0,000829;0,011613;0,000829
IfcColumn;Corta fuegos 0.12;27PH5$VWf25ezVaOw2Rm7o;"Madera-Pilar:3""x6"":557222";0,000829;0,011613;0,000829
IfcColumn;Corta fuegos 0.12;3o4WY3YIT3DhC3QAIvZpNz;"Madera-Pilar:3""x6"":482204";0,000829;0,011613;0,000829
IfcColumn;Corta fuegos 0.12;27PH5$VWf25ezVaOw2Rm6d;"Madera-Pilar:3""x6"":557299";0,000829;0,011613;0,000829
IfcColumn;Corta fuegos 0.12;3o4WY3YIT3DhC3QAIvZp$D;Madera-Pilar:508 x 1016:479660;0,000368;0,007253;0,000368
IfcColumn;Corta fuegos 0.12;3o4WY3YIT3DhC3QAIvZp$J;Madera-Pilar:508 x 1016:479666;0,000368;0,007253;0,000368
IfcColumn;Corta fuegos 0.12;3o4WY3YIT3DhC3QAIvZp$G;Madera-Pilar:508 x 1016:479665;0,000368;0,007253;0,000368
IfcColumn;Corta fuegos 0.12;3o4WY3YIT3DhC3QAIvZpBE;Madera-Pilar:508 x 1016 Bis:482479;0,000368;0,007253;0,000368
IfcColumn;Corta fuegos 0.12;3o4WY3YIT3DhC3QAIvZpBF;Madera-Pilar:508 x 1016 Bis:482478;0,000368;0,007253;0,000368
IfcColumn;Corta fuegos 0.12;3hGbOGFPjDzRTkFrhwI2vi;Madera-Pilar:508 x 1016 Bis:603153;0,000368;0,007253;0,000368
IfcColumn;Corta fuegos 0.12;2D_MstZEL04Rg$J6XzINJF;Madera-Pilar:508 x 1016 Bis:838135;0,000368;0,007253;0,000368
IfcColumn;Corta fuegos 0.12;3o4WY3YIT3DhC3QAIvZpBC;Madera-Pilar:508 x 1016 Bis:482477;0,000368;0,007253;0,000368
IfcColumn;Corta fuegos 0.12;3o4WY3YIT3DhC3QAIvZpBD;Madera-Pilar:508 x 1016 Bis:482476;0,000368;0,007253;0,000368
IfcColumn;Corta fuegos 0.12;1AETc7D1PBRQCf__EuePzE;Madera-Pilar:508 x 1016 Bis:603001;0,000368;0,007253;0,000368
IfcColumn;Corta fuegos 0.12;3o4WY3YIT3DhC3QAIvZq7l;Madera-Pilar:508 x 1016:470926;0,000368;0,007253;0,000368
IfcColumn;Corta fuegos 0.12;3o4WY3YIT3DhC3QAIvZq7p;Madera-Pilar:508 x 1016 Bis:470930;0,000368;0,007253;0,000368
IfcColumn;Corta fuegos 0.12;3o4WY3YIT3DhC3QAIvZq7i;Madera-Pilar:508 x 1016:470925;0,000368;0,007253;0,000368
IfcColumn;Corta fuegos 0.12;3o4WY3YIT3DhC3QAIvZpBG;Madera-Pilar:508 x 1016 Bis:482481;0,000368;0,007253;0,000368
IfcColumn;Corta fuegos 0.12;3o4WY3YIT3DhC3QAIvZq7j;Madera-Pilar:508 x 1016:470924;0,000368;0,007253;0,000368
IfcColumn;Corta fuegos 0.12;3o4WY3YIT3DhC3QAIvZpBA;Madera-Pilar:508 x 1016 Bis:482475;0,000368;0,007253;0,000368
IfcColumn;Corta fuegos 0.12;2D_MstZEL04Rg$J6XzINZB;Madera-Pilar:508 x 1016 Bis:837107;0,000368;0,007253;0,000368
IfcColumn;Corta fuegos 0.12;3o4WY3YIT3DhC3QAIvZpB8;Madera-Pilar:508 x 1016 Bis:482473;0,000368;0,007253;0,000368
IfcColumn;Corta fuegos 0.12;3o4WY3YIT3DhC3QAIvZpBB;Madera-Pilar:508 x 1016 Bis:482474;0,000368;0,007253;0,000368
IfcColumn;Corta fuegos 0.12;2D_MstZEL04Rg$J6XzINTO;Madera-Pilar:508 x 1016 Bis:838240;0,000368;0,007253;0,000368
IfcColumn;Corta fuegos 0.12;1oDoWiI5XAsBFQurHqz2oA;Madera-Pilar:508 x 1016 Bis:844928;0,000368;0,007253;0,000368
IfcColumn;Corta fuegos 0.12;3o4WY3YIT3DhC3QAIvZpBH;Madera-Pilar:508 x 1016 Bis:482480;0,000368;0,007253;0,000368
IfcColumn;Corta fuegos 0.12;1oDoWiI5XAsBFQurHqz2o0;Madera-Pilar:508 x 1016 Bis:844938;0,000368;0,007253;0,000368
IfcColumn;Corta fuegos 0.12;3o4WY3YIT3DhC3QAIvZp$H;Madera-Pilar:508 x 1016:479664;0,000368;0,007253;0,000368
IfcColumn;Corta fuegos 0.12;3o4WY3YIT3DhC3QAIvZp$E;Madera-Pilar:508 x 1016:479663;0,000368;0,007253;0,000368
IfcColumn;Corta fuegos 0.12;1oDoWiI5XAsBFQurHqz2fv;Madera-Pilar:508 x 1016:844403;0,000368;0,007253;0,000368
IfcColumn;Corta fuegos 0.12;3o4WY3YIT3DhC3QAIvZp$A;Madera-Pilar:508 x 1016:479659;0,000368;0,007253;0,000368
IfcColumn;Corta fuegos 0.12;3o4WY3YIT3DhC3QAIvZptk;Madera-Pilar:508 x 762:480143;0,000276;0,005440;0,000276
IfcColumn;Corta fuegos 0.12;1oDoWiI5XAsBFQurHqz2f_;Madera-Pilar:508 x 762:844404;0,000276;0,005440;0,000276
IfcColumn;Corta fuegos 0.12;3o4WY3YIT3DhC3QAIvZptq;Madera-Pilar:508 x 762:480149;0,000276;0,005440;0,000276
IfcColumn;Corta fuegos 0.12;2D_MstZEL04Rg$J6XzINTd;Madera-Pilar:508 x 762 Bis:838239;0,000276;0,005440;0,000276
IfcColumn;Corta fuegos 0.12;3o4WY3YIT3DhC3QAIvZpN6;Madera-Pilar:508 x 762 Bis:482215;0,000276;0,005440;0,000276
IfcColumn;Corta fuegos 0.12;3o4WY3YIT3DhC3QAIvZq0p;Madera-Pilar:508 x 762:470610;0,000276;0,005440;0,000276
IfcColumn;Corta fuegos 0.12;3o4WY3YIT3DhC3QAIvZq0o;Madera-Pilar:508 x 762:470611;0,000276;0,005440;0,000276
IfcColumn;Corta fuegos 0.12;3o4WY3YIT3DhC3QAIvZpN0;Madera-Pilar:508 x 762 Bis:482209;0,000276;0,005440;0,000276
IfcColumn;Corta fuegos 0.12;3o4WY3YIT3DhC3QAIvZpN_;Madera-Pilar:508 x 762 Bis:482207;0,000276;0,005440;0,000276
IfcColumn;Corta fuegos 0.12;3o4WY3YIT3DhC3QAIvZq0m;Madera-Pilar:508 x 762:470609;0,000276;0,005440;0,000276
IfcColumn;Corta fuegos 0.12;3o4WY3YIT3DhC3QAIvZpNy;Madera-Pilar:508 x 762 Bis:482205;0,000276;0,005440;0,000276
IfcColumn;Corta fuegos 0.12;3o4WY3YIT3DhC3QAIvZpN2;Madera-Pilar:508 x 762 Bis:482211;0,000276;0,005440;0,000276
IfcColumn;Corta fuegos 0.12;3o4WY3YIT3DhC3QAIvZpN$;Madera-Pilar:508 x 762 Bis:482206;0,000276;0,005440;0,000276
IfcColumn;Corta fuegos 0.12;3o4WY3YIT3DhC3QAIvZpN3;Madera-Pilar:508 x 762 Bis:482210;0,000276;0,005440;0,000276
IfcColumn;Corta fuegos 0.12;3o4WY3YIT3DhC3QAIvZpN1;Madera-Pilar:508 x 762 Bis:482208;0,000276;0,005440;0,000276
IfcColumn;Corta fuegos 0.12;1tgHqkfxHEbPVIsTccvcYI;Madera-Pilar:508 x 762:851924;0,000276;0,005440;0,000276
IfcColumn;Corta fuegos 0.12;3o4WY3YIT3DhC3QAIvZptr;Madera-Pilar:508 x 762:480148;0,000276;0,005440;0,000276
IfcColumn;Corta fuegos 0.12;3o4WY3YIT3DhC3QAIvZpN5;Madera-Pilar:508 x 762 Bis:482212;0,000276;0,005440;0,000276
IfcColumn;Corta fuegos 0.12;3o4WY3YIT3DhC3QAIvZptt;Madera-Pilar:508 x 762:480150;0,000276;0,005440;0,000276
IfcColumn;Corta fuegos 0.12;3o4WY3YIT3DhC3QAIvZpto;Madera-Pilar:508 x 762:480147;0,000276;0,005440;0,000276
IfcColumn;Corta fuegos 0.12;3o4WY3YIT3DhC3QAIvZptn;Madera-Pilar:508 x 762:480144;0,000276;0,005440;0,000276
IfcColumn;Corta fuegos inf;27PH5$VWf25ezVaOI2Rm6d;"Madera-Pilar:3""x6"":557299";0,009058;0,118872;0,009058
IfcColumn;Corta fuegos inf;3o4WY3YIT3DhC3QAwvZpNz;"Madera-Pilar:3""x6"":482204";0,009058;0,118872;0,009058
IfcColumn;Corta fuegos inf;27PH5$VWf25ezVaOI2Rm7o;"Madera-Pilar:3""x6"":557222";0,009058;0,118872;0,009058
IfcColumn;Corta fuegos inf;27PH5$VWf25ezVaOI2Rm6c;"Madera-Pilar:3""x6"":557298";0,009058;0,118872;0,009058
IfcColumn;Corta fuegos inf;3o4WY3YIT3DhC3QAwvZt4_;Madera-Pilar:508 x 1016:466783;0,004026;0,079248;0,004026
IfcColumn;Corta fuegos inf;3o4WY3YIT3DhC3QAwvZp$A;Madera-Pilar:508 x 1016:479659;0,004026;0,079248;0,004026
IfcColumn;Corta fuegos inf;3hGbOGFPjDzRTkFr3wI5$2;Madera-Pilar:508 x 1016:607679;0,004026;0,079248;0,004026
IfcColumn;Corta fuegos inf;3o4WY3YIT3DhC3QAwvZoth;Madera-Pilar:508 x 1016:476042;0,004026;0,079248;0,004026
IfcColumn;Corta fuegos inf;3o4WY3YIT3DhC3QAwvZp$D;Madera-Pilar:508 x 1016:479660;0,004026;0,079248;0,004026
IfcColumn;Corta fuegos inf;2UPZHC5AL21BMX$ehrrmmx;Madera-Pilar:508 x 1016:809855;0,004026;0,079248;0,004026
IfcColumn;Corta fuegos inf;3o4WY3YIT3DhC3QAwvZoti;Madera-Pilar:508 x 1016:476045;0,004026;0,079248;0,004026
IfcColumn;Corta fuegos inf;3o4WY3YIT3DhC3QAwvZp$H;Madera-Pilar:508 x 1016:479664;0,004026;0,079248;0,004026
IfcColumn;Corta fuegos inf;2UPZHC5AL21BMX$ehrrmp5;Madera-Pilar:508 x 1016:809857;0,004026;0,079248;0,004026
IfcColumn;Corta fuegos inf;3o4WY3YIT3DhC3QAwvZp$G;Madera-Pilar:508 x 1016:479665;0,004026;0,079248;0,004026
IfcColumn;Corta fuegos inf;1oDoWiI5XAsBFQurvqz2oA;Madera-Pilar:508 x 1016 Bis:844928;0,004026;0,079248;0,004026
IfcColumn;Corta fuegos inf;2UPZHC5AL21BMX$ehrroRj;Madera-Pilar:508 x 1016:815529;0,004026;0,079248;0,004026
IfcColumn;Corta fuegos inf;3o4WY3YIT3DhC3QAwvZp$8;Madera-Pilar:508 x 1016:479657;0,004026;0,079248;0,004026
IfcColumn;Corta fuegos inf;2UPZHC5AL21BMX$ehrroON;Madera-Pilar:508 x 1016:815443;0,004026;0,079248;0,004026
IfcColumn;Corta fuegos inf;3o4WY3YIT3DhC3QAwvZotn;Madera-Pilar:508 x 1016:476048;0,004026;0,079248;0,004026
IfcColumn;Corta fuegos inf;3o4WY3YIT3DhC3QAwvZotm;Madera-Pilar:508 x 1016:476049;0,004026;0,079248;0,004026
IfcColumn;Corta fuegos inf;3o4WY3YIT3DhC3QAwvZots;Madera-Pilar:508 x 1016:476055;0,004026;0,079248;0,004026
IfcColumn;Corta fuegos inf;3o4WY3YIT3DhC3QAwvZp$E;Madera-Pilar:508 x 1016:479663;0,004026;0,079248;0,004026
IfcColumn;Corta fuegos inf;2UPZHC5AL21BMX$eZrrpcd;Madera-Pilar:508 x 1016:814819;0,004026;0,079248;0,004026
IfcColumn;Corta fuegos inf;1oDoWiI5XAsBFQurvqz2c0;Madera-Pilar:508 x 1016:844170;0,004026;0,079248;0,004026
IfcColumn;Corta fuegos inf;3o4WY3YIT3DhC3QAwvZott;Madera-Pilar:508 x 1016:476054;0,004026;0,079248;0,004026
IfcColumn;Corta fuegos inf;3hGbOGFPjDzRTkFr3wI5$D;Madera-Pilar:508 x 1016:607664;0,004026;0,079248;0,004026
IfcColumn;Corta fuegos inf;2Fx1YQ7bT3HeEfpnK$IQ10;Madera-Pilar:508 x 1016 Bis:761256;0,004026;0,079248;0,004026
IfcColumn;Corta fuegos inf;3o4WY3YIT3DhC3QAwvZoLN;Madera-Pilar:508 x 1016 Bis:478006;0,004026;0,079248;0,004026
IfcColumn;Corta fuegos inf;3hGbOGFPjDzRTkFr3wI2vi;Madera-Pilar:508 x 1016 Bis:603153;0,004026;0,079248;0,004026
IfcColumn;Corta fuegos inf;2D_MstZEL04Rg$J69zINJF;Madera-Pilar:508 x 1016 Bis:838135;0,004026;0,079248;0,004026
IfcColumn;Corta fuegos inf;3o4WY3YIT3DhC3QAwvZpB8;Madera-Pilar:508 x 1016 Bis:482473;0,004026;0,079248;0,004026
IfcColumn;Corta fuegos inf;3o4WY3YIT3DhC3QAwvZq7i;Madera-Pilar:508 x 1016:470925;0,004026;0,079248;0,004026
IfcColumn;Corta fuegos inf;3o4WY3YIT3DhC3QAwvZpBD;Madera-Pilar:508 x 1016 Bis:482476;0,004026;0,079248;0,004026
IfcColumn;Corta fuegos inf;3o4WY3YIT3DhC3QAwvZpBC;Madera-Pilar:508 x 1016 Bis:482477;0,004026;0,079248;0,004026
IfcColumn;Corta fuegos inf;3o4WY3YIT3DhC3QAwvZpBF;Madera-Pilar:508 x 1016 Bis:482478;0,004026;0,079248;0,004026
IfcColumn;Corta fuegos inf;3o4WY3YIT3DhC3QAwvZpBE;Madera-Pilar:508 x 1016 Bis:482479;0,004026;0,079248;0,004026
IfcColumn;Corta fuegos inf;2UPZHC5AL21BMX$ehrrp_l;Madera-Pilar:508 x 1016:813291;0,004026;0,079248;0,004026
IfcColumn;Corta fuegos inf;017IcDgrb8e9Yrvan4Ei31;Madera-Pilar:508 x 1016 Bis:462807;0,004026;0,079248;0,004026
IfcColumn;Corta fuegos inf;017IcDgrb8e9Yrvan4Ei3E;Madera-Pilar:508 x 1016 Bis:462808;0,004026;0,079248;
IfcColumn;Corta fuegos inf;017IcDgrb8e9Yrvan4Ei3F;Madera-Pilar:508 x 1016 Bis:462809;0,004026;0,079248;
IfcColumn;Corta fuegos inf;017IcDgrb8e9Yrvan4Ei3A;Madera-Pilar:508 x 1016 Bis:462812;0,004026;0,079248;
IfcColumn;Corta fuegos inf;017IcDgrb8e9Yrvan4Ei38;Madera-Pilar:508 x 1016 Bis:462814;0,004026;0,079248;
IfcColumn;Corta fuegos inf;3o4WY3YIT3DhC3QAwvZrRw;Madera-Pilar:508 x 1016 Bis:473243;0,004026;0,079248;
IfcColumn;Corta fuegos inf;3o4WY3YIT3DhC3QAwvZogv;Madera-Pilar:508 x 1016 Bis:476376;0,004026;0,079248;0,004026
IfcColumn;Corta fuegos inf;3o4WY3YIT3DhC3QAwvZogx;Madera-Pilar:508 x 1016 Bis:476378;0,004026;0,079248;
IfcColumn;Corta fuegos inf;3o4WY3YIT3DhC3QAwvZoL3;Madera-Pilar:508 x 1016 Bis:477986;0,004026;0,079248;
IfcColumn;Corta fuegos inf;3o4WY3YIT3DhC3QAwvZoL4;Madera-Pilar:508 x 1016 Bis:477989;0,004026;0,079248;
IfcColumn;Corta fuegos inf;3o4WY3YIT3DhC3QAwvZoL7;Madera-Pilar:508 x 1016 Bis:477990;0,004026;0,079248;
IfcColumn;Corta fuegos inf;3o4WY3YIT3DhC3QAwvZoL6;Madera-Pilar:508 x 1016 Bis:477991;0,004026;0,079248;
IfcColumn;Corta fuegos inf;3o4WY3YIT3DhC3QAwvZoL9;Madera-Pilar:508 x 1016 Bis:477992;0,004026;0,079248;
IfcColumn;Corta fuegos inf;3o4WY3YIT3DhC3QAwvZoL8;Madera-Pilar:508 x 1016 Bis:477993;0,004026;0,079248;
IfcColumn;Corta fuegos inf;3o4WY3YIT3DhC3QAwvZoLB;Madera-Pilar:508 x 1016 Bis:477994;0,004026;0,079248;
IfcColumn;Corta fuegos inf;3o4WY3YIT3DhC3QAwvZoLA;Madera-Pilar:508 x 1016 Bis:477995;0,004026;0,079248;
IfcColumn;Corta fuegos inf;3o4WY3YIT3DhC3QAwvZoLF;Madera-Pilar:508 x 1016 Bis:477998;0,004026;0,079248;
IfcColumn;Corta fuegos inf;3o4WY3YIT3DhC3QAwvZoLE;Madera-Pilar:508 x 1016 Bis:477999;0,004026;0,079248;
IfcColumn;Corta fuegos inf;3o4WY3YIT3DhC3QAwvZoLH;Madera-Pilar:508 x 1016 Bis:478000;0,004026;0,079248;
IfcColumn;Corta fuegos inf;3o4WY3YIT3DhC3QAwvZoLL;Madera-Pilar:508 x 1016 Bis:478004;0,004026;0,079248;
IfcColumn;Corta fuegos inf;3o4WY3YIT3DhC3QAwvZoLK;Madera-Pilar:508 x 1016 Bis:478005;0,004026;0,079248;
IfcColumn;Corta fuegos inf;1AETc7D1PBRQCf__cuePpR;Madera-Pilar:508 x 1016 Bis:602348;0,004026;0,079248;
IfcColumn;Corta fuegos inf;3hGbOGFPjDzRTkFr3wI2t8;Madera-Pilar:508 x 1016 Bis:604085;0,004026;0,079248;
IfcColumn;Corta fuegos inf;3hGbOGFPjDzRTkFr3wI2A0;Madera-Pilar:508 x 1016 Bis:604413;0,004026;0,079248;
IfcColumn;Corta fuegos inf;31U69hZCLDCAqgchUc3m3I;Madera-Pilar:508 x 1016 Bis:721023;0,004026;0,079248;
IfcColumn;Corta fuegos inf;31CVGmJljB$9y9FctjqwI$;Madera-Pilar:508 x 1016 Bis:742886;0,004026;0,079248;
IfcColumn;Corta fuegos inf;2vmqESjFX7AQXpuvSj9rzi;Madera-Pilar:508 x 1016 Bis:756998;0,004026;0,079248;
IfcColumn;Corta fuegos inf;2Fx1YQ7bT3HeEfpnK$IQ31;Madera-Pilar:508 x 1016 Bis:761129;0,004026;0,079248;
IfcColumn;Corta fuegos inf;2vTlNdHrH2jOmEIC2Vakcn;Madera-Pilar:508 x 1016 Bis:774943;0,004026;0,079248;0,004026
IfcColumn;Corta fuegos inf;2vTlNdHrH2jOmEIC2VakdT;Madera-Pilar:508 x 1016 Bis:775027;0,004026;0,079248;
IfcColumn;Corta fuegos inf;0M74zrrYLEAByWafcnjOTD;Madera-Pilar:508 x 1016 Bis:778101;0,004026;0,079248;
IfcColumn;Corta fuegos inf;0M74zrrYLEAByWafcnjOUm;Madera-Pilar:508 x 1016 Bis:778120;0,004026;0,079248;
IfcColumn;Corta fuegos inf;0M74zrrYLEAByWafcnjRrx;Madera-Pilar:508 x 1016 Bis:779587;0,004026;0,079248;
IfcColumn;Corta fuegos inf;1375eEeY5DAPHpwHpkVa8z;Madera-Pilar:508 x 1016 Bis:798726;0,004026;0,079248;
IfcColumn;Corta fuegos inf;1375eEeY5DAPHpwHpkVa8h;Madera-Pilar:508 x 1016 Bis:798736;0,004026;0,079248;
IfcColumn;Corta fuegos inf;3Nc8k3oVLENBa_mp2UH4BP;Madera-Pilar:508 x 1016 Bis:803148;0,004026;0,079248;
IfcColumn;Corta fuegos inf;1oDoWiI5XAsBFQurvqz2kN;Madera-Pilar:508 x 1016 Bis:844701;0,004026;0,079248;
IfcColumn;Corta fuegos inf;1oDoWiI5XAsBFQurvqz2mf;Madera-Pilar:508 x 1016 Bis:844835;0,004026;0,079248;
IfcColumn;Corta fuegos inf;1oDoWiI5XAsBFQurvqz2mb;Madera-Pilar:508 x 1016 Bis:844847;0,004026;0,079248;
IfcColumn;Corta fuegos inf;3hGbOGFPjDzRTkFr3wI2tK;Madera-Pilar:508 x 1016 Bis:604073;0,004026;0,079248;0,004026
IfcColumn;Corta fuegos inf;11hGI9g8T8Dge2YVsD1dF5;Madera-Pilar:508 x 1016 Bis:730474;0,004026;0,079248;
IfcColumn;Corta fuegos inf;2vmqESjFX7AQXpuvSj9rTo;Madera-Pilar:508 x 1016 Bis:754968;0,004026;0,079248;0,004026
IfcColumn;Corta fuegos inf;2D_MstZEL04Rg$J69zINPb;Madera-Pilar:508 x 1016 Bis:838493;0,004026;0,079248;
IfcColumn;Corta fuegos inf;1XyRjTmDTBrRNW_ywfHU3J;Madera-Pilar:508 x 1016:727060;0,004026;0,079248;0,004026
IfcColumn;Corta fuegos inf;3o4WY3YIT3DhC3QAwvZpBG;Madera-Pilar:508 x 1016 Bis:482481;0,004026;0,079248;0,004026
IfcColumn;Corta fuegos inf;3o4WY3YIT3DhC3QAwvZq7p;Madera-Pilar:508 x 1016 Bis:470930;0,004026;0,079248;0,004026
IfcColumn;Corta fuegos inf;3o4WY3YIT3DhC3QAwvZq7j;Madera-Pilar:508 x 1016:470924;0,004026;0,079248;0,004026
IfcColumn;Corta fuegos inf;1tgHqkfxHEbPVIsTEcvcZ7;Madera-Pilar:508 x 1016:851841;0,004026;0,079248;0,004026
IfcColumn;Corta fuegos inf;3o4WY3YIT3DhC3QAwvZq7l;Madera-Pilar:508 x 1016:470926;0,004026;0,079248;0,004026
IfcColumn;Corta fuegos inf;3o4WY3YIT3DhC3QAwvZpBB;Madera-Pilar:508 x 1016 Bis:482474;0,004026;0,079248;0,004026
IfcColumn;Corta fuegos inf;3o4WY3YIT3DhC3QAwvZoto;Madera-Pilar:508 x 1016:476051;0,004026;0,079248;0,004026
IfcColumn;Corta fuegos inf;3o4WY3YIT3DhC3QAwvZotx;Madera-Pilar:508 x 1016:476058;0,004026;0,079248;0,004026
IfcColumn;Corta fuegos inf;2D_MstZEL04Rg$J69zINZB;Madera-Pilar:508 x 1016 Bis:837107;0,004026;0,079248;0,004026
IfcColumn;Corta fuegos inf;1a8P5_QNH6xPtC01J1VzKm;Madera-Pilar:508 x 1016:789087;0,004026;0,079248;0,004026
IfcColumn;Corta fuegos inf;1oDoWiI5XAsBFQurvqz2o0;Madera-Pilar:508 x 1016 Bis:844938;0,004026;0,079248;0,004026
IfcColumn;Corta fuegos inf;2D_MstZEL04Rg$J69zINQh;Madera-Pilar:508 x 1016:838547;0,004026;0,079248;0,004026
IfcColumn;Corta fuegos inf;3o4WY3YIT3DhC3QAwvZpBH;Madera-Pilar:508 x 1016 Bis:482480;0,004026;0,079248;0,004026
IfcColumn;Corta fuegos inf;2D_MstZEL04Rg$J69zINTO;Madera-Pilar:508 x 1016 Bis:838240;0,004026;0,079248;0,004026
IfcColumn;Corta fuegos inf;3o4WY3YIT3DhC3QAwvZpBA;Madera-Pilar:508 x 1016 Bis:482475;0,004026;0,079248;0,004026
IfcColumn;Corta fuegos inf;3o4WY3YIT3DhC3QAwvZp$J;Madera-Pilar:508 x 1016:479666;0,004026;0,079248;0,004026
IfcColumn;Corta fuegos inf;1AETc7D1PBRQCf__cuePzE;Madera-Pilar:508 x 1016 Bis:603001;0,004026;0,079248;0,004026
IfcColumn;Corta fuegos inf;2UPZHC5AL21BMX$eZrrpBS;Madera-Pilar:508 x 1016:812440;0,004026;0,079248;0,004026
IfcColumn;Corta fuegos inf;3o4WY3YIT3DhC3QAwvZotk;Madera-Pilar:508 x 1016:476047;0,004026;0,079248;0,004026
IfcColumn;Corta fuegos inf;1375eEeY5DAPHpwHpkVboC;Madera-Pilar:508 x 1016:798391;0,004026;0,079248;0,004026
IfcColumn;Corta fuegos inf;2vmqESjFX7AQXpuvSj9wFj;Madera-Pilar:508 x 1016 Bis:749959;0,004026;0,079248;0,004026
IfcColumn;Corta fuegos inf;3Nc8k3oVLENBa_mp2UH4b5;Madera-Pilar:508 x 1016:805584;0,004026;0,079248;0,004026
IfcColumn;Corta fuegos inf;2UPZHC5AL21BMX$ehrrp_e;Madera-Pilar:508 x 1016:813292;0,004026;0,079248;0,004026
IfcColumn;Corta fuegos inf;1oDoWiI5XAsBFQurvqz2d$;Madera-Pilar:508 x 1016:844277;0,004026;0,079248;0,004026
IfcColumn;Corta fuegos inf;1oDoWiI5XAsBFQurvqz2Wv;Madera-Pilar:508 x 1016:843827;0,004026;0,079248;0,004026
IfcColumn;Corta fuegos inf;2UPZHC5AL21BMX$eZrro9_;Madera-Pilar:508 x 1016:816442;0,004026;0,079248;0,004026
IfcColumn;Corta fuegos inf;1oDoWiI5XAsBFQurvqz2fv;Madera-Pilar:508 x 1016:844403;0,004026;0,079248;0,004026
IfcColumn;Corta fuegos inf;1tgHqkfxHEbPVIsTEcvvOG;Madera-Pilar:508 x 1016:852310;0,004011;0,078953;0,004011
IfcColumn;Corta fuegos inf;1tgHqkfxHEbPVIsTEcvvOK;Madera-Pilar:508 x 1016:852306;0,004011;0,078953;0,004011
IfcColumn;Corta fuegos inf;1fhlfGBLf18BKSvddGhogF;Madera-Pilar:508 x 1016:852457;0,004011;0,078953;0,004011
IfcColumn;Corta fuegos inf;017IcDgrb8e9Yrvan4Ei70;Madera-Pilar:508 x 762 Bis:462550;0,003019;0,059436;0,003019
IfcColumn;Corta fuegos inf;3o4WY3YIT3DhC3QAwvZoRK;Madera-Pilar:508 x 762 Bis:477365;0,003019;0,059436;0,003019
IfcColumn;Corta fuegos inf;3o4WY3YIT3DhC3QAwvZoR3;Madera-Pilar:508 x 762 Bis:477346;0,003019;0,059436;0,003019
IfcColumn;Corta fuegos inf;2UPZHC5AL21BMX$ehrrmn5;Madera-Pilar:508 x 762:809729;0,003019;0,059436;0,003019
IfcColumn;Corta fuegos inf;2UPZHC5AL21BMX$eZrroCV;Madera-Pilar:508 x 762:816219;0,003019;0,059436;0,003019
IfcColumn;Corta fuegos inf;3Nc8k3oVLENBa_mp2UH3W1;Madera-Pilar:508 x 762 Bis:801684;0,003019;0,059436;0,003019
IfcColumn;Corta fuegos inf;3o4WY3YIT3DhC3QAwvZooS;Madera-Pilar:508 x 762:475901;0,003019;0,059436;0,003019
IfcColumn;Corta fuegos inf;3o4WY3YIT3DhC3QAwvZptr;Madera-Pilar:508 x 762:480148;0,003019;0,059436;0,003019
IfcColumn;Corta fuegos inf;017IcDgrb8e9Yrvan4Ei75;Madera-Pilar:508 x 762 Bis:462547;0,003019;0,059436;0,003019
IfcColumn;Corta fuegos inf;3o4WY3YIT3DhC3QAwvZpti;Madera-Pilar:508 x 762:480141;0,003019;0,059436;0,003019
IfcColumn;Corta fuegos inf;3o4WY3YIT3DhC3QAwvZptn;Madera-Pilar:508 x 762:480144;0,003019;0,059436;0,003019
IfcColumn;Corta fuegos inf;2vTlNdHrH2jOmEIC2VakWX;Madera-Pilar:508 x 762 Bis:774799;0,003019;0,059436;0,003019
IfcColumn;Corta fuegos inf;3o4WY3YIT3DhC3QAwvZooR;Madera-Pilar:508 x 762:475898;0,003019;0,059436;0,003019
IfcColumn;Corta fuegos inf;2vmqESjFX7AQXpuvSj9rzl;Madera-Pilar:508 x 762 Bis:756997;0,003019;0,059436;0,003019
IfcColumn;Corta fuegos inf;3o4WY3YIT3DhC3QAwvZora;Madera-Pilar:508 x 762:475909;0,003019;0,059436;0,003019
IfcColumn;Corta fuegos inf;3Nc8k3oVLENBa_mp2UH4bQ;Madera-Pilar:508 x 762:805583;0,003019;0,059436;0,003019
IfcColumn;Corta fuegos inf;2vmqESjFX7AQXpuvSj9w3i;Madera-Pilar:508 x 762 Bis:750214;0,003019;0,059436;0,003019
IfcColumn;Corta fuegos inf;2vmqESjFX7AQXpuvSj9rTz;Madera-Pilar:508 x 762 Bis:754967;0,003019;0,059436;0,003019
IfcColumn;Corta fuegos inf;1375eEeY5DAPHpwHpkVboD;Madera-Pilar:508 x 762:798390;0,003019;0,059436;0,003019
IfcColumn;Corta fuegos inf;017IcDgrb8e9Yrvan4Ei74;Madera-Pilar:508 x 762 Bis:462546;0,003019;0,059436;0,003019
IfcColumn;Corta fuegos inf;3Nc8k3oVLENBa_mp2UH4BU;Madera-Pilar:508 x 762 Bis:803147;0,003019;0,059436;0,003019
IfcColumn;Corta fuegos inf;3o4WY3YIT3DhC3QAwvZpto;Madera-Pilar:508 x 762:480147;0,003019;0,059436;0,003019
IfcColumn;Corta fuegos inf;2Fx1YQ7bT3HeEfpnK$IQ12;Madera-Pilar:508 x 762 Bis:761258;0,003019;0,059436;0,003019
IfcColumn;Corta fuegos inf;0JcdXlDaH1Vf6_J4fYAKM7;Madera-Pilar:508 x 762 Bis:773038;0,003019;0,059436;0,003019
IfcColumn;Corta fuegos inf;3o4WY3YIT3DhC3QAwvZq0o;Madera-Pilar:508 x 762:470611;0,003019;0,059436;0,003019
IfcColumn;Corta fuegos inf;3o4WY3YIT3DhC3QAwvZorZ;Madera-Pilar:508 x 762:475906;0,003019;0,059436;0,003019
IfcColumn;Corta fuegos inf;3o4WY3YIT3DhC3QAwvZq0p;Madera-Pilar:508 x 762:470610;0,003019;0,059436;0,003019
IfcColumn;Corta fuegos inf;3o4WY3YIT3DhC3QAwvZpN5;Madera-Pilar:508 x 762 Bis:482212;0,003019;0,059436;0,003019
IfcColumn;Corta fuegos inf;2D_MstZEL04Rg$J69zINTd;Madera-Pilar:508 x 762 Bis:838239;0,003019;0,059436;0,003019
IfcColumn;Corta fuegos inf;3o4WY3YIT3DhC3QAwvZrHa;Madera-Pilar:508 x 762 Bis:473605;0,003019;0,059436;0,003019
IfcColumn;Corta fuegos inf;2D_MstZEL04Rg$J69zINJE;Madera-Pilar:508 x 762 Bis:838134;0,003019;0,059436;0,003019
IfcColumn;Corta fuegos inf;3o4WY3YIT3DhC3QAwvZpN$;Madera-Pilar:508 x 762 Bis:482206;0,003019;0,059436;0,003019
IfcColumn;Corta fuegos inf;1tgHqkfxHEbPVIsTEcvcYI;Madera-Pilar:508 x 762:851924;0,003019;0,059436;0,003019
IfcColumn;Corta fuegos inf;3o4WY3YIT3DhC3QAwvZpN_;Madera-Pilar:508 x 762 Bis:482207;0,003019;0,059436;0,003019
IfcColumn;Corta fuegos inf;3o4WY3YIT3DhC3QAwvZpN3;Madera-Pilar:508 x 762 Bis:482210;0,003019;0,059436;0,003019
IfcColumn;Corta fuegos inf;3o4WY3YIT3DhC3QAwvZoR4;Madera-Pilar:508 x 762 Bis:477349;0,003019;0,059436;0,003019
IfcColumn;Corta fuegos inf;3o4WY3YIT3DhC3QAwvZoR7;Madera-Pilar:508 x 762 Bis:477350;0,003019;0,059436;
IfcColumn;Corta fuegos inf;3o4WY3YIT3DhC3QAwvZoR6;Madera-Pilar:508 x 762 Bis:477351;0,003019;0,059436;
IfcColumn;Corta fuegos inf;3o4WY3YIT3DhC3QAwvZoR9;Madera-Pilar:508 x 762 Bis:477352;0,003019;0,059436;
IfcColumn;Corta fuegos inf;3o4WY3YIT3DhC3QAwvZoR8;Madera-Pilar:508 x 762 Bis:477353;0,003019;0,059436;
IfcColumn;Corta fuegos inf;3o4WY3YIT3DhC3QAwvZoRB;Madera-Pilar:508 x 762 Bis:477354;0,003019;0,059436;
IfcColumn;Corta fuegos inf;3o4WY3YIT3DhC3QAwvZoRA;Madera-Pilar:508 x 762 Bis:477355;0,003019;0,059436;
IfcColumn;Corta fuegos inf;3o4WY3YIT3DhC3QAwvZoRF;Madera-Pilar:508 x 762 Bis:477358;0,003019;0,059436;
IfcColumn;Corta fuegos inf;3o4WY3YIT3DhC3QAwvZoRE;Madera-Pilar:508 x 762 Bis:477359;0,003019;0,059436;
IfcColumn;Corta fuegos inf;1XyRjTmDTBrRNW_ywfHU$i;Madera-Pilar:508 x 762:726827;0,003019;0,059436;0,003019
IfcColumn;Corta fuegos inf;1tgHqkfxHEbPVIsTEcvcZ6;Madera-Pilar:508 x 762:851840;0,003019;0,059436;0,003019
IfcColumn;Corta fuegos inf;3o4WY3YIT3DhC3QAwvZpN0;Madera-Pilar:508 x 762 Bis:482209;0,003019;0,059436;0,003019
IfcColumn;Corta fuegos inf;11hGI9g8T8Dge2YVsD1dF6;Madera-Pilar:508 x 762 Bis:730473;0,003019;0,059436;0,003019
IfcColumn;Corta fuegos inf;2CHu75xVrEVfty8xxBTxo4;Madera-Pilar:508 x 762 Bis:827708;0,003019;0,059436;0,003019
IfcColumn;Corta fuegos inf;2D_MstZEL04Rg$J69zINQg;Madera-Pilar:508 x 762:838546;0,003019;0,059436;0,003019
IfcColumn;Corta fuegos inf;2D_MstZEL04Rg$J69zINZA;Madera-Pilar:508 x 762 Bis:837106;0,003019;0,059436;0,003019
IfcColumn;Corta fuegos inf;3o4WY3YIT3DhC3QAwvZpNy;Madera-Pilar:508 x 762 Bis:482205;0,003019;0,059436;0,003019
IfcColumn;Corta fuegos inf;2UPZHC5AL21BMX$ehrrp2f;Madera-Pilar:508 x 762:813037;0,003019;0,059436;0,003019
IfcColumn;Corta fuegos inf;3o4WY3YIT3DhC3QAwvZq0m;Madera-Pilar:508 x 762:470609;0,003019;0,059436;0,003019
IfcColumn;Corta fuegos inf;3o4WY3YIT3DhC3QAwvZpN1;Madera-Pilar:508 x 762 Bis:482208;0,003019;0,059436;0,003019
IfcColumn;Corta fuegos inf;3o4WY3YIT3DhC3QAwvZpN2;Madera-Pilar:508 x 762 Bis:482211;0,003019;0,059436;0,003019
IfcColumn;Corta fuegos inf;3o4WY3YIT3DhC3QAwvZptq;Madera-Pilar:508 x 762:480149;0,003019;0,059436;0,003019
IfcColumn;Corta fuegos inf;3o4WY3YIT3DhC3QAwvZooQ;Madera-Pilar:508 x 762:475899;0,003019;0,059436;0,003019
IfcColumn;Corta fuegos inf;3o4WY3YIT3DhC3QAwvZpN6;Madera-Pilar:508 x 762 Bis:482215;0,003019;0,059436;0,003019
IfcColumn;Corta fuegos inf;1a8P5_QNH6xPtC01J1VzJo;Madera-Pilar:508 x 762:789405;0,003019;0,059436;0,003019
IfcColumn;Corta fuegos inf;3o4WY3YIT3DhC3QAwvZoRH;Madera-Pilar:508 x 762 Bis:477360;0,003019;0,059436;0,003019
IfcColumn;Corta fuegos inf;2Fx1YQ7bT3HeEfpnK$IQ30;Madera-Pilar:508 x 762 Bis:761128;0,003019;0,059436;0,003019
IfcColumn;Corta fuegos inf;2UPZHC5AL21BMX$eZrrpcc;Madera-Pilar:508 x 762:814818;0,003019;0,059436;0,003019
IfcColumn;Corta fuegos inf;3o4WY3YIT3DhC3QAwvZoR0;Madera-Pilar:508 x 762 Bis:477345;0,003019;0,059436;0,003019
IfcColumn;Corta fuegos inf;3o4WY3YIT3DhC3QAwvZooU;Madera-Pilar:508 x 762:475903;0,003019;0,059436;0,003019
IfcColumn;Corta fuegos inf;3o4WY3YIT3DhC3QAwvZqwi;Madera-Pilar:508 x 762:467149;0,003019;0,059436;0,003019
IfcColumn;Corta fuegos inf;2vTlNdHrH2jOmEIC2Vakcc;Madera-Pilar:508 x 762 Bis:774920;0,003019;0,059436;0,003019
IfcColumn;Corta fuegos inf;3o4WY3YIT3DhC3QAwvZptk;Madera-Pilar:508 x 762:480143;0,003019;0,059436;0,003019
IfcColumn;Corta fuegos inf;3o4WY3YIT3DhC3QAwvZptt;Madera-Pilar:508 x 762:480150;0,003019;0,059436;0,003019
IfcColumn;Corta fuegos inf;0JcdXlDaH1Vf6_J4fYAKMw;Madera-Pilar:508 x 762 Bis:773011;0,003019;0,059436;0,003019
IfcColumn;Corta fuegos inf;2UPZHC5AL21BMX$ehrrp2g;Madera-Pilar:508 x 762:813038;0,003019;0,059436;0,003019
IfcColumn;Corta fuegos inf;1oDoWiI5XAsBFQurvqz2f_;Madera-Pilar:508 x 762:844404;0,003019;0,059436;0,003019
IfcColumn;Corta fuegos inf;3o4WY3YIT3DhC3QAwvZooN;Madera-Pilar:508 x 762:475894;0,003019;0,059436;0,003019
IfcColumn;Corta fuegos inf;2UPZHC5AL21BMX$ehrrmn4;Madera-Pilar:508 x 762:809728;0,003019;0,059436;0,003019
IfcColumn;Corta fuegos inf;017IcDgrb8e9Yrvan4Ei71;Madera-Pilar:508 x 762 Bis:462551;0,003019;0,059436;0,003019
IfcColumn;Corta fuegos inf;017IcDgrb8e9Yrvan4Ei7F;Madera-Pilar:508 x 762 Bis:462553;0,003019;0,059436;0,003019
IfcColumn;Corta fuegos inf;0M74zrrYLEAByWafcnjOHy;Madera-Pilar:508 x 762 Bis:777284;0,003019;0,059436;0,003019
IfcColumn;Corta fuegos inf;2UPZHC5AL21BMX$eZrrpBJ;Madera-Pilar:508 x 762:812439;0,003019;0,059436;0,003019
IfcColumn;Corta fuegos inf;2UPZHC5AL21BMX$ehrroRi;Madera-Pilar:508 x 762:815528;0,003019;0,059436;0,003019
IfcColumn;Corta fuegos inf;1oDoWiI5XAsBFQurvqz2dy;Madera-Pilar:508 x 762:844278;0,003019;0,059436;0,003019
IfcColumn;Corta fuegos inf;27PH5$VWf25ezVaOI2RmRE;Madera-Pilar:508 x 762:559002;0,003019;0,059436;0,003019
IfcColumn;Corta fuegos inf;3o4WY3YIT3DhC3QAwvZoR1;Madera-Pilar:508 x 762 Bis:477344;0,003019;0,059436;0,003019
IfcColumn;Corta fuegos inf;3o4WY3YIT3DhC3QAwvZooM;Madera-Pilar:508 x 762:475895;0,003019;0,059436;0,003019
IfcColumn;Corta fuegos inf;3o4WY3YIT3DhC3QAwvZoRL;Madera-Pilar:508 x 762 Bis:477364;0,003019;0,059436;0,003019
IfcColumn;Corta fuegos inf;3o4WY3YIT3DhC3QAwvZoRN;Madera-Pilar:508 x 762 Bis:477366;0,003019;0,059436;0,003019
IfcColumn;Corta fuegos inf;2UPZHC5AL21BMX$ehrroOL;Madera-Pilar:508 x 762:815441;0,003019;0,059436;0,003019
IfcColumn;Corta fuegos inf;1oDoWiI5XAsBFQurvqz2c1;Madera-Pilar:508 x 762:844171;0,003019;0,059436;0,003019
IfcColumn;Corta fuegos inf;1oDoWiI5XAsBFQurvqz2W_;Madera-Pilar:508 x 762:843828;0,003019;0,059436;0,003019
IfcColumn;Corta fuegos inf;1tgHqkfxHEbPVIsTEcvvON;Madera-Pilar:508 x 762:852305;0,003008;0,059215;0,003008
IfcColumn;Corta fuegos inf;1tgHqkfxHEbPVIsTEcvvOJ;Madera-Pilar:508 x 762:852309;0,003008;0,059215;0,003008
IfcColumn;Dintel Bastido Sur;27PH5$VWf25ezVaOs2Rm6d;"Madera-Pilar:3""x6"":557299";0,007351;0,096471;0,007351
IfcColumn;Dintel Bastido Sur;3o4WY3YIT3DhC3QAUvZpNz;"Madera-Pilar:3""x6"":482204";0,007351;0,096471;0,007351
IfcColumn;Dintel Bastido Sur;27PH5$VWf25ezVaOs2Rm7o;"Madera-Pilar:3""x6"":557222";0,007351;0,096471;0,007351
IfcColumn;Dintel Bastido Sur;27PH5$VWf25ezVaOs2Rm6c;"Madera-Pilar:3""x6"":557298";0,007351;0,096471;0,007351
IfcColumn;Dintel Bastido Sur;2UPZHC5AL21BMXzelrro3T;Madera-Pilar:508 x 1016:817049;0,003436;0,067630;0,003436
IfcColumn;Dintel Bastido Sur;1W0XCr7jvBfA1PDbQGuo84;Madera-Pilar:508 x 1016:806945;0,003308;0,065123;0,003308
IfcColumn;Dintel Bastido Sur;3o4WY3YIT3DhC3QAUvZp$G;Madera-Pilar:508 x 1016:479665;0,003267;0,064314;0,003267
IfcColumn;Dintel Bastido Sur;1W0XCr7jvBfA1PFbUGuo8m;Madera-Pilar:508 x 1016:806933;0,003267;0,064314;0,003267
IfcColumn;Dintel Bastido Sur;1oDoWiI5XAsBFQurTqz2o0;Madera-Pilar:508 x 1016 Bis:844938;0,003267;0,064314;0,003267
IfcColumn;Dintel Bastido Sur;3o4WY3YIT3DhC3QAUvZp$H;Madera-Pilar:508 x 1016:479664;0,003267;0,064314;0,003267
IfcColumn;Dintel Bastido Sur;2D_MstZEL04Rg$J6jzINZB;Madera-Pilar:508 x 1016 Bis:837107;0,003267;0,064314;0,003267
IfcColumn;Dintel Bastido Sur;3o4WY3YIT3DhC3QAUvZpBE;Madera-Pilar:508 x 1016 Bis:482479;0,003267;0,064314;0,003267
IfcColumn;Dintel Bastido Sur;3o4WY3YIT3DhC3QAUvZpBC;Madera-Pilar:508 x 1016 Bis:482477;0,003267;0,064314;0,003267
IfcColumn;Dintel Bastido Sur;1oDoWiI5XAsBFQurTqz2oA;Madera-Pilar:508 x 1016 Bis:844928;0,003267;0,064314;0,003267
IfcColumn;Dintel Bastido Sur;3o4WY3YIT3DhC3QAUvZpBB;Madera-Pilar:508 x 1016 Bis:482474;0,003267;0,064314;0,003267
IfcColumn;Dintel Bastido Sur;3o4WY3YIT3DhC3QAUvZpBA;Madera-Pilar:508 x 1016 Bis:482475;0,003267;0,064314;0,003267
IfcColumn;Dintel Bastido Sur;2UPZHC5AL21BMX$ehrro35;Madera-Pilar:508 x 1016:817025;0,003267;0,064314;0,003267
IfcColumn;Dintel Bastido Sur;3o4WY3YIT3DhC3QAUvZpB8;Madera-Pilar:508 x 1016 Bis:482473;0,003267;0,064314;0,003267
IfcColumn;Dintel Bastido Sur;1AETc7D1PBRQCf__2uePzE;Madera-Pilar:508 x 1016 Bis:603001;0,003267;0,064314;0,003267
IfcColumn;Dintel Bastido Sur;3o4WY3YIT3DhC3QAUvZq7p;Madera-Pilar:508 x 1016 Bis:470930;0,003267;0,064314;0,003267
IfcColumn;Dintel Bastido Sur;3o4WY3YIT3DhC3QAUvZpBG;Madera-Pilar:508 x 1016 Bis:482481;0,003267;0,064314;0,003267
IfcColumn;Dintel Bastido Sur;1375eEeY5DAPHpwHxkVbpR;Madera-Pilar:508 x 1016:798432;0,003267;0,064314;0,003267
IfcColumn;Dintel Bastido Sur;3o4WY3YIT3DhC3QAUvZpBH;Madera-Pilar:508 x 1016 Bis:482480;0,003267;0,064314;0,003267
IfcColumn;Dintel Bastido Sur;2D_MstZEL04Rg$J6jzINJF;Madera-Pilar:508 x 1016 Bis:838135;0,003267;0,064314;0,003267
IfcColumn;Dintel Bastido Sur;3o4WY3YIT3DhC3QAUvZpBD;Madera-Pilar:508 x 1016 Bis:482476;0,003267;0,064314;0,003267
IfcColumn;Dintel Bastido Sur;3o4WY3YIT3DhC3QAUvZpBF;Madera-Pilar:508 x 1016 Bis:482478;0,003267;0,064314;0,003267
IfcColumn;Dintel Bastido Sur;2D_MstZEL04Rg$J6jzINTO;Madera-Pilar:508 x 1016 Bis:838240;0,003267;0,064314;0,003267
IfcColumn;Dintel Bastido Sur;2UPZHC5AL21BMX$ehrro0n;Madera-Pilar:508 x 1016:817013;0,003267;0,064314;0,003267
IfcColumn;Dintel Bastido Sur;3hGbOGFPjDzRTkFrdwI2vi;Madera-Pilar:508 x 1016 Bis:603153;0,003267;0,064314;0,003267
IfcColumn;Dintel Bastido Sur;2UPZHC5AL21BMX$ehrro0j;Madera-Pilar:508 x 1016:817001;0,003267;0,064314;0,003267
IfcColumn;Dintel Bastido Sur;3o4WY3YIT3DhC3QAUvZp$J;Madera-Pilar:508 x 1016:479666;0,003267;0,064314;0,003267
IfcColumn;Dintel Bastido Sur;2UPZHC5AL21BMX$ehrro39;Madera-Pilar:508 x 1016:817037;0,003267;0,064314;0,003267
IfcColumn;Dintel Bastido Sur;3o4WY3YIT3DhC3QAUvZp$E;Madera-Pilar:508 x 1016:479663;0,003267;0,064314;0,003267
IfcColumn;Dintel Bastido Sur;2UPZHC5AL21BMXzelrro3X;Madera-Pilar:508 x 1016:817061;0,002765;0,054433;0,002765
IfcColumn;Dintel Bastido Sur;3o4WY3YIT3DhC3QAUvZq7l;Madera-Pilar:508 x 1016:470926;0,002650;0,052170;0,002650
IfcColumn;Dintel Bastido Sur;1oDoWiI5XAsBFQurTqz2fv;Madera-Pilar:508 x 1016:844403;0,002578;0,050742;0,002578
IfcColumn;Dintel Bastido Sur;2UPZHC5AL21BMXzelrro1B;Madera-Pilar:508 x 762:816911;0,002577;0,050722;0,002577
IfcColumn;Dintel Bastido Sur;1W0XCr7jvBfA1PDbQGuo88;Madera-Pilar:508 x 1016:806957;0,002519;0,049580;0,002519
IfcColumn;Dintel Bastido Sur;1W0XCr7jvBfA1PDbQGupsw;Madera-Pilar:508 x 762:806815;0,002481;0,048842;0,002481
IfcColumn;Dintel Bastido Sur;2UPZHC5AL21BMX$ehrro10;Madera-Pilar:508 x 762:816900;0,002450;0,048236;0,002450
IfcColumn;Dintel Bastido Sur;3o4WY3YIT3DhC3QAUvZpto;Madera-Pilar:508 x 762:480147;0,002450;0,048236;0,002450
IfcColumn;Dintel Bastido Sur;1375eEeY5DAPHpwHxkVbpa;Madera-Pilar:508 x 762:798431;0,002450;0,048236;0,002450
IfcColumn;Dintel Bastido Sur;3o4WY3YIT3DhC3QAUvZptq;Madera-Pilar:508 x 762:480149;0,002450;0,048236;0,002450
IfcColumn;Dintel Bastido Sur;3o4WY3YIT3DhC3QAUvZpN1;Madera-Pilar:508 x 762 Bis:482208;0,002450;0,048236;0,002450
IfcColumn;Dintel Bastido Sur;3o4WY3YIT3DhC3QAUvZpN3;Madera-Pilar:508 x 762 Bis:482210;0,002450;0,048236;0,002450
IfcColumn;Dintel Bastido Sur;1tgHqkfxHEbPVIsTgcvcYI;Madera-Pilar:508 x 762:851924;0,002450;0,048236;0,002450
IfcColumn;Dintel Bastido Sur;3o4WY3YIT3DhC3QAUvZpN5;Madera-Pilar:508 x 762 Bis:482212;0,002450;0,048236;0,002450
IfcColumn;Dintel Bastido Sur;3o4WY3YIT3DhC3QAUvZpN_;Madera-Pilar:508 x 762 Bis:482207;0,002450;0,048236;0,002450
IfcColumn;Dintel Bastido Sur;3o4WY3YIT3DhC3QAUvZpN$;Madera-Pilar:508 x 762 Bis:482206;0,002450;0,048236;0,002450
IfcColumn;Dintel Bastido Sur;3o4WY3YIT3DhC3QAUvZpNy;Madera-Pilar:508 x 762 Bis:482205;0,002450;0,048236;0,002450
IfcColumn;Dintel Bastido Sur;2D_MstZEL04Rg$J6jzINTd;Madera-Pilar:508 x 762 Bis:838239;0,002450;0,048236;0,002450
IfcColumn;Dintel Bastido Sur;3o4WY3YIT3DhC3QAUvZpN0;Madera-Pilar:508 x 762 Bis:482209;0,002450;0,048236;0,002450
IfcColumn;Dintel Bastido Sur;2UPZHC5AL21BMX$ehrro6g;Madera-Pilar:508 x 762:816878;0,002450;0,048236;0,002450
IfcColumn;Dintel Bastido Sur;3o4WY3YIT3DhC3QAUvZptr;Madera-Pilar:508 x 762:480148;0,002450;0,048236;0,002450
IfcColumn;Dintel Bastido Sur;3o4WY3YIT3DhC3QAUvZptt;Madera-Pilar:508 x 762:480150;0,002450;0,048236;0,002450
IfcColumn;Dintel Bastido Sur;3o4WY3YIT3DhC3QAUvZpN6;Madera-Pilar:508 x 762 Bis:482215;0,002450;0,048236;0,002450
IfcColumn;Dintel Bastido Sur;3o4WY3YIT3DhC3QAUvZpN2;Madera-Pilar:508 x 762 Bis:482211;0,002450;0,048236;0,002450
IfcColumn;Dintel Bastido Sur;1W0XCr7jvBfA1PFbUGupsG;Madera-Pilar:508 x 762:806837;0,002450;0,048236;0,002450
IfcColumn;Dintel Bastido Sur;2UPZHC5AL21BMX$ehrro6z;Madera-Pilar:508 x 762:816889;0,002450;0,048236;0,002450
IfcColumn;Dintel Bastido Sur;1W0XCr7jvBfA1PFbUGupsF;Madera-Pilar:508 x 762:806826;0,002450;0,048236;0,002450
IfcColumn;Dintel Bastido Sur;2UPZHC5AL21BMXzelrro1f;Madera-Pilar:508 x 762:816941;0,002074;0,040824;0,002074
IfcColumn;Dintel Bastido Sur;3o4WY3YIT3DhC3QAUvZq0o;Madera-Pilar:508 x 762:470611;0,001988;0,039128;0,001988
IfcColumn;Dintel Bastido Sur;1oDoWiI5XAsBFQurTqz2f_;Madera-Pilar:508 x 762:844404;0,001933;0,038056;0,001933
IfcColumn;Dintel Bastido Sur;1W0XCr7jvBfA1PDbQGuptr;Madera-Pilar:508 x 762:806864;0,001889;0,037185;0,001889
IfcColumn;Dintel Bastido Sur;3o4WY3YIT3DhC3QAUvZq7i;Madera-Pilar:508 x 1016:470925;0,001751;0,034468;0,001751
IfcColumn;Dintel Bastido Sur;3o4WY3YIT3DhC3QAUvZp$D;Madera-Pilar:508 x 1016:479660;0,001560;0,030706;0,001560
IfcColumn;Dintel Bastido Sur;1W0XCr7jvBfA1PDbQGuo8S;Madera-Pilar:508 x 1016:806969;0,001501;0,029555;0,001501
IfcColumn;Dintel Bastido Sur;2UPZHC5AL21BMXzelrro3r;Madera-Pilar:508 x 1016:817073;0,001436;0,028265;0,001436
IfcColumn;Dintel Bastido Sur;3o4WY3YIT3DhC3QAUvZq0p;Madera-Pilar:508 x 762:470610;0,001313;0,025851;0,001313
IfcColumn;Dintel Bastido Sur;3o4WY3YIT3DhC3QAUvZptn;Madera-Pilar:508 x 762:480144;0,001170;0,023029;0,001170
IfcColumn;Dintel Bastido Sur;1W0XCr7jvBfA1PDbQGupt_;Madera-Pilar:508 x 762:806875;0,001126;0,022166;0,001126
IfcColumn;Dintel Bastido Sur;2UPZHC5AL21BMXzelrro1y;Madera-Pilar:508 x 762:816952;0,001077;0,021199;0,001077
IfcColumn;Dintel Bastido Sur;3o4WY3YIT3DhC3QAUvZq7j;Madera-Pilar:508 x 1016:470924;0,000852;0,016767;0,000852
IfcColumn;Dintel Bastido Sur;2UPZHC5AL21BMXzelrro3u;Madera-Pilar:508 x 1016:817084;0,000813;0,016003;0,000813
IfcColumn;Dintel Bastido Sur;3o4WY3YIT3DhC3QAUvZp$A;Madera-Pilar:508 x 1016:479659;0,000661;0,013004;0,000661
IfcColumn;Dintel Bastido Sur;3o4WY3YIT3DhC3QAUvZq0m;Madera-Pilar:508 x 762:470609;0,000639;0,012575;0,000639
IfcColumn;Dintel Bastido Sur;1W0XCr7jvBfA1PDbQGuo9W;Madera-Pilar:508 x 1016:806981;0,000589;0,011588;0,000589
IfcColumn;Dintel Bastido Sur;3o4WY3YIT3DhC3QAUvZptk;Madera-Pilar:508 x 762:480143;0,000495;0,009753;0,000495
IfcColumn;Dintel Bastido Sur;1W0XCr7jvBfA1PDbQGupt2;Madera-Pilar:508 x 762:806887;0,000442;0,008691;0,000442
IfcColumn;Dintel Bastidor este;27PH5$VWf25ezVaOA2Rm6d;"Madera-Pilar:3""x6"":557299";0,004688;0,061524;0,004688
IfcColumn;Dintel Bastidor este;3o4WY3YIT3DhC3QAYvZpNz;"Madera-Pilar:3""x6"":482204";0,004688;0,061524;0,004688
IfcColumn;Dintel Bastidor este;27PH5$VWf25ezVaOA2Rm7o;"Madera-Pilar:3""x6"":557222";0,004688;0,061524;0,004688
IfcColumn;Dintel Bastidor este;27PH5$VWf25ezVaOA2Rm6c;"Madera-Pilar:3""x6"":557298";0,004688;0,061524;0,004688
IfcColumn;Dintel Bastidor este;2UPZHC5AL21BMXzelrrmiU;Madera-Pilar:508 x 1016:810074;0,002766;0,054458;0,002766
IfcColumn;Dintel Bastidor este;3o4WY3YIT3DhC3QAYvZots;Madera-Pilar:508 x 1016:476055;0,002557;0,050331;0,002557
IfcColumn;Dintel Bastidor este;3o4WY3YIT3DhC3QAYvZt4_;Madera-Pilar:508 x 1016:466783;0,002557;0,050331;0,002557
IfcColumn;Dintel Bastidor este;3o4WY3YIT3DhC3QAYvZoti;Madera-Pilar:508 x 1016:476045;0,002557;0,050331;0,002557
IfcColumn;Dintel Bastidor este;3Nc8k3oVLENBa_mpQUH4b5;Madera-Pilar:508 x 1016:805584;0,002557;0,050331;0,002557
IfcColumn;Dintel Bastidor este;3o4WY3YIT3DhC3QAYvZoto;Madera-Pilar:508 x 1016:476051;0,002557;0,050331;0,002557
IfcColumn;Dintel Bastidor este;3o4WY3YIT3DhC3QAYvZotn;Madera-Pilar:508 x 1016:476048;0,002557;0,050331;0,002557
IfcColumn;Dintel Bastidor este;2UPZHC5AL21BMX$exrrpBS;Madera-Pilar:508 x 1016:812440;0,002557;0,050331;0,002557
IfcColumn;Dintel Bastidor este;3o4WY3YIT3DhC3QAYvZotk;Madera-Pilar:508 x 1016:476047;0,002557;0,050331;0,002557
IfcColumn;Dintel Bastidor este;3o4WY3YIT3DhC3QAYvZotx;Madera-Pilar:508 x 1016:476058;0,002557;0,050331;0,002557
IfcColumn;Dintel Bastidor este;3o4WY3YIT3DhC3QAYvZott;Madera-Pilar:508 x 1016:476054;0,002557;0,050331;0,002557
IfcColumn;Dintel Bastidor este;2UPZHC5AL21BMX$exrro9_;Madera-Pilar:508 x 1016:816442;0,002557;0,050331;0,002557
IfcColumn;Dintel Bastidor este;2UPZHC5AL21BMX$exrrpcd;Madera-Pilar:508 x 1016:814819;0,002557;0,050331;0,002557
IfcColumn;Dintel Bastidor este;2UPZHC5AL21BMXzelrrmiS;Madera-Pilar:508 x 1016:810072;0,002504;0,049296;0,002504
IfcColumn;Dintel Bastidor este;3o4WY3YIT3DhC3QAYvZoLN;Madera-Pilar:508 x 1016 Bis:478006;0,002346;0,046177;0,002346
IfcColumn;Dintel Bastidor este;1XyRjTmDTBrRNW_yYfHU3J;Madera-Pilar:508 x 1016:727060;0,002346;0,046177;0,002346
IfcColumn;Dintel Bastidor este;2UPZHC5AL21BMX$eZrroRj;Madera-Pilar:508 x 1016:815529;0,002295;0,045170;0,002295
IfcColumn;Dintel Bastidor este;2UPZHC5AL21BMX$eZrroON;Madera-Pilar:508 x 1016:815443;0,002295;0,045170;0,002295
IfcColumn;Dintel Bastidor este;2UPZHC5AL21BMX$eZrrp_l;Madera-Pilar:508 x 1016:813291;0,002295;0,045170;0,002295
IfcColumn;Dintel Bastidor este;2UPZHC5AL21BMX$eZrrp_e;Madera-Pilar:508 x 1016:813292;0,002295;0,045170;0,002295
IfcColumn;Dintel Bastidor este;2UPZHC5AL21BMX$eZrrmmx;Madera-Pilar:508 x 1016:809855;0,002295;0,045170;0,002295
IfcColumn;Dintel Bastidor este;2UPZHC5AL21BMX$eZrrmp5;Madera-Pilar:508 x 1016:809857;0,002295;0,045170;0,002295
IfcColumn;Dintel Bastidor este;1oDoWiI5XAsBFQurXqz2Wv;Madera-Pilar:508 x 1016:843827;0,002188;0,043078;0,002188
IfcColumn;Dintel Bastidor este;1oDoWiI5XAsBFQurXqz2c0;Madera-Pilar:508 x 1016:844170;0,002188;0,043078;0,002188
IfcColumn;Dintel Bastidor este;1oDoWiI5XAsBFQurXqz2d$;Madera-Pilar:508 x 1016:844277;0,002188;0,043078;0,002188
IfcColumn;Dintel Bastidor este;3hGbOGFPjDzRTkFrRwI5$D;Madera-Pilar:508 x 1016:607664;0,002084;0,041016;0,002084
IfcColumn;Dintel Bastidor este;3o4WY3YIT3DhC3QAYvZpBA;Madera-Pilar:508 x 1016 Bis:482475;0,002084;0,041016;0,002084
IfcColumn;Dintel Bastidor este;3o4WY3YIT3DhC3QAYvZp$J;Madera-Pilar:508 x 1016:479666;0,002084;0,041016;0,002084
IfcColumn;Dintel Bastidor este;3hGbOGFPjDzRTkFrRwI5$2;Madera-Pilar:508 x 1016:607679;0,002084;0,041016;0,002084
IfcColumn;Dintel Bastidor este;3o4WY3YIT3DhC3QAYvZp$A;Madera-Pilar:508 x 1016:479659;0,002084;0,041016;0,002084
IfcColumn;Dintel Bastidor este;3o4WY3YIT3DhC3QAYvZp$E;Madera-Pilar:508 x 1016:479663;0,002084;0,041016;0,002084
IfcColumn;Dintel Bastidor este;1oDoWiI5XAsBFQurXqz2o0;Madera-Pilar:508 x 1016 Bis:844938;0,002084;0,041016;0,002084
IfcColumn;Dintel Bastidor este;3o4WY3YIT3DhC3QAYvZoth;Madera-Pilar:508 x 1016:476042;0,002084;0,041016;0,002084
IfcColumn;Dintel Bastidor este;3o4WY3YIT3DhC3QAYvZp$D;Madera-Pilar:508 x 1016:479660;0,002084;0,041016;0,002084
IfcColumn;Dintel Bastidor este;3o4WY3YIT3DhC3QAYvZpB8;Madera-Pilar:508 x 1016 Bis:482473;0,002084;0,041016;0,002084
IfcColumn;Dintel Bastidor este;1AETc7D1PBRQCf___uePzE;Madera-Pilar:508 x 1016 Bis:603001;0,002084;0,041016;0,002084
IfcColumn;Dintel Bastidor este;3hGbOGFPjDzRTkFrRwI2vi;Madera-Pilar:508 x 1016 Bis:603153;0,002084;0,041016;0,002084
IfcColumn;Dintel Bastidor este;1oDoWiI5XAsBFQurXqz2oA;Madera-Pilar:508 x 1016 Bis:844928;0,002084;0,041016;0,002084
IfcColumn;Dintel Bastidor este;3o4WY3YIT3DhC3QAYvZpBE;Madera-Pilar:508 x 1016 Bis:482479;0,002084;0,041016;0,002084
IfcColumn;Dintel Bastidor este;3o4WY3YIT3DhC3QAYvZq7i;Madera-Pilar:508 x 1016:470925;0,002084;0,041016;0,002084
IfcColumn;Dintel Bastidor este;3o4WY3YIT3DhC3QAYvZpBB;Madera-Pilar:508 x 1016 Bis:482474;0,002084;0,041016;0,002084
IfcColumn;Dintel Bastidor este;3o4WY3YIT3DhC3QAYvZpBC;Madera-Pilar:508 x 1016 Bis:482477;0,002084;0,041016;0,002084
IfcColumn;Dintel Bastidor este;2D_MstZEL04Rg$J6HzINZB;Madera-Pilar:508 x 1016 Bis:837107;0,002084;0,041016;0,002084
IfcColumn;Dintel Bastidor este;2D_MstZEL04Rg$J6HzINJF;Madera-Pilar:508 x 1016 Bis:838135;0,002084;0,041016;0,002084
IfcColumn;Dintel Bastidor este;3o4WY3YIT3DhC3QAYvZpBH;Madera-Pilar:508 x 1016 Bis:482480;0,002084;0,041016;0,002084
IfcColumn;Dintel Bastidor este;3o4WY3YIT3DhC3QAYvZpBD;Madera-Pilar:508 x 1016 Bis:482476;0,002084;0,041016;0,002084
IfcColumn;Dintel Bastidor este;3o4WY3YIT3DhC3QAYvZpBG;Madera-Pilar:508 x 1016 Bis:482481;0,002084;0,041016;0,002084
IfcColumn;Dintel Bastidor este;3o4WY3YIT3DhC3QAYvZpBF;Madera-Pilar:508 x 1016 Bis:482478;0,002084;0,041016;0,002084
IfcColumn;Dintel Bastidor este;017IcDgrb8e9Yrvaf4Ei31;Madera-Pilar:508 x 1016 Bis:462807;0,002084;0,041016;0,002084
IfcColumn;Dintel Bastidor este;017IcDgrb8e9Yrvaf4Ei3E;Madera-Pilar:508 x 1016 Bis:462808;0,002084;0,041016;
IfcColumn;Dintel Bastidor este;017IcDgrb8e9Yrvaf4Ei3F;Madera-Pilar:508 x 1016 Bis:462809;0,002084;0,041016;
IfcColumn;Dintel Bastidor este;017IcDgrb8e9Yrvaf4Ei3A;Madera-Pilar:508 x 1016 Bis:462812;0,002084;0,041016;
IfcColumn;Dintel Bastidor este;017IcDgrb8e9Yrvaf4Ei38;Madera-Pilar:508 x 1016 Bis:462814;0,002084;0,041016;
IfcColumn;Dintel Bastidor este;3o4WY3YIT3DhC3QAYvZrRw;Madera-Pilar:508 x 1016 Bis:473243;0,002084;0,041016;
IfcColumn;Dintel Bastidor este;3o4WY3YIT3DhC3QAYvZogv;Madera-Pilar:508 x 1016 Bis:476376;0,002084;0,041016;0,002084
IfcColumn;Dintel Bastidor este;3o4WY3YIT3DhC3QAYvZogx;Madera-Pilar:508 x 1016 Bis:476378;0,002084;0,041016;
IfcColumn;Dintel Bastidor este;3o4WY3YIT3DhC3QAYvZoL3;Madera-Pilar:508 x 1016 Bis:477986;0,002084;0,041016;
IfcColumn;Dintel Bastidor este;3o4WY3YIT3DhC3QAYvZoL4;Madera-Pilar:508 x 1016 Bis:477989;0,002084;0,041016;
IfcColumn;Dintel Bastidor este;3o4WY3YIT3DhC3QAYvZoL7;Madera-Pilar:508 x 1016 Bis:477990;0,002084;0,041016;
IfcColumn;Dintel Bastidor este;3o4WY3YIT3DhC3QAYvZoL6;Madera-Pilar:508 x 1016 Bis:477991;0,002084;0,041016;
IfcColumn;Dintel Bastidor este;3o4WY3YIT3DhC3QAYvZoL9;Madera-Pilar:508 x 1016 Bis:477992;0,002084;0,041016;
IfcColumn;Dintel Bastidor este;3o4WY3YIT3DhC3QAYvZoL8;Madera-Pilar:508 x 1016 Bis:477993;0,002084;0,041016;
IfcColumn;Dintel Bastidor este;3o4WY3YIT3DhC3QAYvZoLB;Madera-Pilar:508 x 1016 Bis:477994;0,002084;0,041016;
IfcColumn;Dintel Bastidor este;3o4WY3YIT3DhC3QAYvZoLA;Madera-Pilar:508 x 1016 Bis:477995;0,002084;0,041016;
IfcColumn;Dintel Bastidor este;3o4WY3YIT3DhC3QAYvZoLF;Madera-Pilar:508 x 1016 Bis:477998;0,002084;0,041016;
IfcColumn;Dintel Bastidor este;3o4WY3YIT3DhC3QAYvZoLE;Madera-Pilar:508 x 1016 Bis:477999;0,002084;0,041016;
IfcColumn;Dintel Bastidor este;3o4WY3YIT3DhC3QAYvZoLH;Madera-Pilar:508 x 1016 Bis:478000;0,002084;0,041016;
IfcColumn;Dintel Bastidor este;3o4WY3YIT3DhC3QAYvZoLL;Madera-Pilar:508 x 1016 Bis:478004;0,002084;0,041016;
IfcColumn;Dintel Bastidor este;3o4WY3YIT3DhC3QAYvZoLK;Madera-Pilar:508 x 1016 Bis:478005;0,002084;0,041016;
IfcColumn;Dintel Bastidor este;1AETc7D1PBRQCf___uePpR;Madera-Pilar:508 x 1016 Bis:602348;0,002084;0,041016;
IfcColumn;Dintel Bastidor este;3hGbOGFPjDzRTkFrRwI2t8;Madera-Pilar:508 x 1016 Bis:604085;0,002084;0,041016;
IfcColumn;Dintel Bastidor este;3hGbOGFPjDzRTkFrRwI2A0;Madera-Pilar:508 x 1016 Bis:604413;0,002084;0,041016;
IfcColumn;Dintel Bastidor este;31U69hZCLDCAqgch6c3m3I;Madera-Pilar:508 x 1016 Bis:721023;0,002084;0,041016;
IfcColumn;Dintel Bastidor este;31CVGmJljB$9y9FcljqwI$;Madera-Pilar:508 x 1016 Bis:742886;0,002084;0,041016;
IfcColumn;Dintel Bastidor este;2vmqESjFX7AQXpuv4j9rzi;Madera-Pilar:508 x 1016 Bis:756998;0,002084;0,041016;
IfcColumn;Dintel Bastidor este;2Fx1YQ7bT3HeEfpnC$IQ31;Madera-Pilar:508 x 1016 Bis:761129;0,002084;0,041016;
IfcColumn;Dintel Bastidor este;1375eEeY5DAPHpwHhkVa8z;Madera-Pilar:508 x 1016 Bis:798726;0,002084;0,041016;
IfcColumn;Dintel Bastidor este;1375eEeY5DAPHpwHhkVa8h;Madera-Pilar:508 x 1016 Bis:798736;0,002084;0,041016;
IfcColumn;Dintel Bastidor este;1oDoWiI5XAsBFQurXqz2kN;Madera-Pilar:508 x 1016 Bis:844701;0,002084;0,041016;
IfcColumn;Dintel Bastidor este;1oDoWiI5XAsBFQurXqz2mf;Madera-Pilar:508 x 1016 Bis:844835;0,002084;0,041016;
IfcColumn;Dintel Bastidor este;1oDoWiI5XAsBFQurXqz2mb;Madera-Pilar:508 x 1016 Bis:844847;0,002084;0,041016;
IfcColumn;Dintel Bastidor este;3o4WY3YIT3DhC3QAYvZq7p;Madera-Pilar:508 x 1016 Bis:470930;0,002084;0,041016;0,002084
IfcColumn;Dintel Bastidor este;3o4WY3YIT3DhC3QAYvZq7j;Madera-Pilar:508 x 1016:470924;0,002084;0,041016;0,002084
IfcColumn;Dintel Bastidor este;3o4WY3YIT3DhC3QAYvZq7l;Madera-Pilar:508 x 1016:470926;0,002084;0,041016;0,002084
IfcColumn;Dintel Bastidor este;2D_MstZEL04Rg$J6HzINQh;Madera-Pilar:508 x 1016:838547;0,002084;0,041016;0,002084
IfcColumn;Dintel Bastidor este;2D_MstZEL04Rg$J6HzINTO;Madera-Pilar:508 x 1016 Bis:838240;0,002084;0,041016;0,002084
IfcColumn;Dintel Bastidor este;3o4WY3YIT3DhC3QAYvZp$G;Madera-Pilar:508 x 1016:479665;0,002084;0,041016;0,002084
IfcColumn;Dintel Bastidor este;3o4WY3YIT3DhC3QAYvZp$H;Madera-Pilar:508 x 1016:479664;0,002084;0,041016;0,002084
IfcColumn;Dintel Bastidor este;3o4WY3YIT3DhC3QAYvZp$8;Madera-Pilar:508 x 1016:479657;0,002084;0,041016;0,002084
IfcColumn;Dintel Bastidor este;1oDoWiI5XAsBFQurXqz2fv;Madera-Pilar:508 x 1016:844403;0,002084;0,041016;0,002084
IfcColumn;Dintel Bastidor este;2UPZHC5AL21BMXzelrrmiV;Madera-Pilar:508 x 762:810075;0,002075;0,040843;0,002075
IfcColumn;Dintel Bastidor este;3o4WY3YIT3DhC3QAYvZqwi;Madera-Pilar:508 x 762:467149;0,001918;0,037748;0,001918
IfcColumn;Dintel Bastidor este;3o4WY3YIT3DhC3QAYvZora;Madera-Pilar:508 x 762:475909;0,001918;0,037748;0,001918
IfcColumn;Dintel Bastidor este;2UPZHC5AL21BMX$exrrpBJ;Madera-Pilar:508 x 762:812439;0,001918;0,037748;0,001918
IfcColumn;Dintel Bastidor este;3o4WY3YIT3DhC3QAYvZooU;Madera-Pilar:508 x 762:475903;0,001918;0,037748;0,001918
IfcColumn;Dintel Bastidor este;3Nc8k3oVLENBa_mpQUH4bQ;Madera-Pilar:508 x 762:805583;0,001918;0,037748;0,001918
IfcColumn;Dintel Bastidor este;27PH5$VWf25ezVaOA2RmRE;Madera-Pilar:508 x 762:559002;0,001918;0,037748;0,001918
IfcColumn;Dintel Bastidor este;2UPZHC5AL21BMX$exrrpcc;Madera-Pilar:508 x 762:814818;0,001918;0,037748;0,001918
IfcColumn;Dintel Bastidor este;3o4WY3YIT3DhC3QAYvZorZ;Madera-Pilar:508 x 762:475906;0,001918;0,037748;0,001918
IfcColumn;Dintel Bastidor este;3o4WY3YIT3DhC3QAYvZooQ;Madera-Pilar:508 x 762:475899;0,001918;0,037748;0,001918
IfcColumn;Dintel Bastidor este;3o4WY3YIT3DhC3QAYvZooM;Madera-Pilar:508 x 762:475895;0,001918;0,037748;0,001918
IfcColumn;Dintel Bastidor este;3o4WY3YIT3DhC3QAYvZooR;Madera-Pilar:508 x 762:475898;0,001918;0,037748;0,001918
IfcColumn;Dintel Bastidor este;2UPZHC5AL21BMXzelrrmiJ;Madera-Pilar:508 x 762:810071;0,001878;0,036972;0,001878
IfcColumn;Dintel Bastidor este;1XyRjTmDTBrRNW_yYfHU$i;Madera-Pilar:508 x 762:726827;0,001759;0,034633;0,001759
IfcColumn;Dintel Bastidor este;2UPZHC5AL21BMX$eZrroRi;Madera-Pilar:508 x 762:815528;0,001721;0,033877;0,001721
IfcColumn;Dintel Bastidor este;2UPZHC5AL21BMX$eZrrp2f;Madera-Pilar:508 x 762:813037;0,001721;0,033877;0,001721
IfcColumn;Dintel Bastidor este;2UPZHC5AL21BMX$eZrrmn4;Madera-Pilar:508 x 762:809728;0,001721;0,033877;0,001721
IfcColumn;Dintel Bastidor este;2UPZHC5AL21BMX$eZrrmn5;Madera-Pilar:508 x 762:809729;0,001721;0,033877;0,001721
IfcColumn;Dintel Bastidor este;2UPZHC5AL21BMX$eZrroOL;Madera-Pilar:508 x 762:815441;0,001721;0,033877;0,001721
IfcColumn;Dintel Bastidor este;2UPZHC5AL21BMX$eZrrp2g;Madera-Pilar:508 x 762:813038;0,001721;0,033877;0,001721
IfcColumn;Dintel Bastidor este;1tgHqkfxHEbPVIsTMcvcZ7;Madera-Pilar:508 x 1016:851841;0,001711;0,033691;0,001711
IfcColumn;Dintel Bastidor este;1oDoWiI5XAsBFQurXqz2c1;Madera-Pilar:508 x 762:844171;0,001641;0,032309;0,001641
IfcColumn;Dintel Bastidor este;1oDoWiI5XAsBFQurXqz2dy;Madera-Pilar:508 x 762:844278;0,001641;0,032309;0,001641
IfcColumn;Dintel Bastidor este;1oDoWiI5XAsBFQurXqz2W_;Madera-Pilar:508 x 762:843828;0,001641;0,032309;0,001641
IfcColumn;Dintel Bastidor este;3o4WY3YIT3DhC3QAYvZptk;Madera-Pilar:508 x 762:480143;0,001563;0,030762;0,001563
IfcColumn;Dintel Bastidor este;3o4WY3YIT3DhC3QAYvZptt;Madera-Pilar:508 x 762:480150;0,001563;0,030762;0,001563
IfcColumn;Dintel Bastidor este;017IcDgrb8e9Yrvaf4Ei75;Madera-Pilar:508 x 762 Bis:462547;0,001563;0,030762;0,001563
IfcColumn;Dintel Bastidor este;3o4WY3YIT3DhC3QAYvZpto;Madera-Pilar:508 x 762:480147;0,001563;0,030762;0,001563
IfcColumn;Dintel Bastidor este;2Fx1YQ7bT3HeEfpnC$IQ12;Madera-Pilar:508 x 762 Bis:761258;0,001563;0,030762;0,001563
IfcColumn;Dintel Bastidor este;3o4WY3YIT3DhC3QAYvZpN3;Madera-Pilar:508 x 762 Bis:482210;0,001563;0,030762;0,001563
IfcColumn;Dintel Bastidor este;3o4WY3YIT3DhC3QAYvZpN2;Madera-Pilar:508 x 762 Bis:482211;0,001563;0,030762;0,001563
IfcColumn;Dintel Bastidor este;3o4WY3YIT3DhC3QAYvZq0m;Madera-Pilar:508 x 762:470609;0,001563;0,030762;0,001563
IfcColumn;Dintel Bastidor este;3o4WY3YIT3DhC3QAYvZpN_;Madera-Pilar:508 x 762 Bis:482207;0,001563;0,030762;0,001563
IfcColumn;Dintel Bastidor este;1tgHqkfxHEbPVIsTMcvcYI;Madera-Pilar:508 x 762:851924;0,001563;0,030762;0,001563
IfcColumn;Dintel Bastidor este;3o4WY3YIT3DhC3QAYvZpN$;Madera-Pilar:508 x 762 Bis:482206;0,001563;0,030762;0,001563
IfcColumn;Dintel Bastidor este;3o4WY3YIT3DhC3QAYvZoR4;Madera-Pilar:508 x 762 Bis:477349;0,001563;0,030762;0,001563
IfcColumn;Dintel Bastidor este;3o4WY3YIT3DhC3QAYvZoR7;Madera-Pilar:508 x 762 Bis:477350;0,001563;0,030762;
IfcColumn;Dintel Bastidor este;3o4WY3YIT3DhC3QAYvZoR6;Madera-Pilar:508 x 762 Bis:477351;0,001563;0,030762;
IfcColumn;Dintel Bastidor este;3o4WY3YIT3DhC3QAYvZoR9;Madera-Pilar:508 x 762 Bis:477352;0,001563;0,030762;
IfcColumn;Dintel Bastidor este;3o4WY3YIT3DhC3QAYvZoR8;Madera-Pilar:508 x 762 Bis:477353;0,001563;0,030762;
IfcColumn;Dintel Bastidor este;3o4WY3YIT3DhC3QAYvZoRB;Madera-Pilar:508 x 762 Bis:477354;0,001563;0,030762;
IfcColumn;Dintel Bastidor este;3o4WY3YIT3DhC3QAYvZoRA;Madera-Pilar:508 x 762 Bis:477355;0,001563;0,030762;
IfcColumn;Dintel Bastidor este;3o4WY3YIT3DhC3QAYvZoRF;Madera-Pilar:508 x 762 Bis:477358;0,001563;0,030762;
IfcColumn;Dintel Bastidor este;3o4WY3YIT3DhC3QAYvZoRE;Madera-Pilar:508 x 762 Bis:477359;0,001563;0,030762;
IfcColumn;Dintel Bastidor este;2D_MstZEL04Rg$J6HzINTd;Madera-Pilar:508 x 762 Bis:838239;0,001563;0,030762;0,001563
IfcColumn;Dintel Bastidor este;3o4WY3YIT3DhC3QAYvZpN0;Madera-Pilar:508 x 762 Bis:482209;0,001563;0,030762;0,001563
IfcColumn;Dintel Bastidor este;3o4WY3YIT3DhC3QAYvZq0p;Madera-Pilar:508 x 762:470610;0,001563;0,030762;0,001563
IfcColumn;Dintel Bastidor este;3o4WY3YIT3DhC3QAYvZpN5;Madera-Pilar:508 x 762 Bis:482212;0,001563;0,030762;0,001563
IfcColumn;Dintel Bastidor este;3o4WY3YIT3DhC3QAYvZq0o;Madera-Pilar:508 x 762:470611;0,001563;0,030762;0,001563
IfcColumn;Dintel Bastidor este;3o4WY3YIT3DhC3QAYvZpNy;Madera-Pilar:508 x 762 Bis:482205;0,001563;0,030762;0,001563
IfcColumn;Dintel Bastidor este;3o4WY3YIT3DhC3QAYvZpN6;Madera-Pilar:508 x 762 Bis:482215;0,001563;0,030762;0,001563
IfcColumn;Dintel Bastidor este;3o4WY3YIT3DhC3QAYvZpN1;Madera-Pilar:508 x 762 Bis:482208;0,001563;0,030762;0,001563
IfcColumn;Dintel Bastidor este;2D_MstZEL04Rg$J6HzINQg;Madera-Pilar:508 x 762:838546;0,001563;0,030762;0,001563
IfcColumn;Dintel Bastidor este;2vmqESjFX7AQXpuv4j9rzl;Madera-Pilar:508 x 762 Bis:756997;0,001563;0,030762;0,001563
IfcColumn;Dintel Bastidor este;017IcDgrb8e9Yrvaf4Ei74;Madera-Pilar:508 x 762 Bis:462546;0,001563;0,030762;0,001563
IfcColumn;Dintel Bastidor este;3o4WY3YIT3DhC3QAYvZptr;Madera-Pilar:508 x 762:480148;0,001563;0,030762;0,001563
IfcColumn;Dintel Bastidor este;3o4WY3YIT3DhC3QAYvZptq;Madera-Pilar:508 x 762:480149;0,001563;0,030762;0,001563
IfcColumn;Dintel Bastidor este;3o4WY3YIT3DhC3QAYvZptn;Madera-Pilar:508 x 762:480144;0,001563;0,030762;0,001563
IfcColumn;Dintel Bastidor este;2UPZHC5AL21BMX$exrroCV;Madera-Pilar:508 x 762:816219;0,001563;0,030762;0,001563
IfcColumn;Dintel Bastidor este;3o4WY3YIT3DhC3QAYvZooN;Madera-Pilar:508 x 762:475894;0,001563;0,030762;0,001563
IfcColumn;Dintel Bastidor este;3o4WY3YIT3DhC3QAYvZpti;Madera-Pilar:508 x 762:480141;0,001563;0,030762;0,001563
IfcColumn;Dintel Bastidor este;1oDoWiI5XAsBFQurXqz2f_;Madera-Pilar:508 x 762:844404;0,001563;0,030762;0,001563
IfcColumn;Dintel Bastidor este;3hGbOGFPjDzRTkFrRwI2tK;Madera-Pilar:508 x 1016 Bis:604073;0,001297;0,025532;0,001297
IfcColumn;Dintel Bastidor este;11hGI9g8T8Dge2YVkD1dF5;Madera-Pilar:508 x 1016 Bis:730474;0,001297;0,025532;
IfcColumn;Dintel Bastidor este;2vmqESjFX7AQXpuv4j9rTo;Madera-Pilar:508 x 1016 Bis:754968;0,001297;0,025532;0,001297
IfcColumn;Dintel Bastidor este;2D_MstZEL04Rg$J6HzINPb;Madera-Pilar:508 x 1016 Bis:838493;0,001297;0,025532;
IfcColumn;Dintel Bastidor este;2vmqESjFX7AQXpuv4j9wFj;Madera-Pilar:508 x 1016 Bis:749959;0,001297;0,025532;0,001297
IfcColumn;Dintel Bastidor este;2Fx1YQ7bT3HeEfpnC$IQ10;Madera-Pilar:508 x 1016 Bis:761256;0,001297;0,025532;0,001297
IfcColumn;Dintel Bastidor este;1tgHqkfxHEbPVIsTMcvcZ6;Madera-Pilar:508 x 762:851840;0,001284;0,025268;0,001284
IfcColumn;Dintel Bastidor este;2CHu75xVrEVftyAxtBTxj5;Madera-Pilar:508 x 1016 Bis:829181;0,001035;0,020371;0,001035
IfcColumn;Dintel Bastidor este;2CHu75xVrEVftyAxtBTxj6;Madera-Pilar:508 x 1016 Bis:829182;0,001035;0,020371;
IfcColumn;Dintel Bastidor este;1hVl$hSxP07xUYKPW4Vdy1;Madera-Pilar:508 x 1016 Bis:832634;0,001035;0,020371;
IfcColumn;Dintel Bastidor este;1hVl$hSxP07xUYKPW4Vdv2;Madera-Pilar:508 x 1016 Bis:832825;0,001035;0,020371;
IfcColumn;Dintel Bastidor este;1hVl$hSxP07xUYKPW4Vdsx;Madera-Pilar:508 x 1016 Bis:833216;0,001035;0,020371;
IfcColumn;Dintel Bastidor este;1hVl$hSxP07xUYKPW4Vdn4;Madera-Pilar:508 x 1016 Bis:833343;0,001035;0,020371;
IfcColumn;Dintel Bastidor este;2vmqESjFX7AQXpuv4j9w3i;Madera-Pilar:508 x 762 Bis:750214;0,000973;0,019149;0,000973
IfcColumn;Dintel Bastidor este;3o4WY3YIT3DhC3QAYvZoRK;Madera-Pilar:508 x 762 Bis:477365;0,000973;0,019149;0,000973
IfcColumn;Dintel Bastidor este;3o4WY3YIT3DhC3QAYvZoR1;Madera-Pilar:508 x 762 Bis:477344;0,000973;0,019149;0,000973
IfcColumn;Dintel Bastidor este;2Fx1YQ7bT3HeEfpnC$IQ30;Madera-Pilar:508 x 762 Bis:761128;0,000973;0,019149;0,000973
IfcColumn;Dintel Bastidor este;017IcDgrb8e9Yrvaf4Ei71;Madera-Pilar:508 x 762 Bis:462551;0,000973;0,019149;0,000973
IfcColumn;Dintel Bastidor este;11hGI9g8T8Dge2YVkD1dF6;Madera-Pilar:508 x 762 Bis:730473;0,000973;0,019149;0,000973
IfcColumn;Dintel Bastidor este;2D_MstZEL04Rg$J6HzINZA;Madera-Pilar:508 x 762 Bis:837106;0,000973;0,019149;0,000973
IfcColumn;Dintel Bastidor este;2CHu75xVrEVfty8xZBTxo4;Madera-Pilar:508 x 762 Bis:827708;0,000973;0,019149;0,000973
IfcColumn;Dintel Bastidor este;2D_MstZEL04Rg$J6HzINJE;Madera-Pilar:508 x 762 Bis:838134;0,000973;0,019149;0,000973
IfcColumn;Dintel Bastidor este;3o4WY3YIT3DhC3QAYvZrHa;Madera-Pilar:508 x 762 Bis:473605;0,000973;0,019149;0,000973
IfcColumn;Dintel Bastidor este;3o4WY3YIT3DhC3QAYvZoRH;Madera-Pilar:508 x 762 Bis:477360;0,000973;0,019149;0,000973
IfcColumn;Dintel Bastidor este;3o4WY3YIT3DhC3QAYvZoR0;Madera-Pilar:508 x 762 Bis:477345;0,000973;0,019149;0,000973
IfcColumn;Dintel Bastidor este;2vmqESjFX7AQXpuv4j9rTz;Madera-Pilar:508 x 762 Bis:754967;0,000973;0,019149;0,000973
IfcColumn;Dintel Bastidor este;3Nc8k3oVLENBa_mpQUH3W1;Madera-Pilar:508 x 762 Bis:801684;0,000973;0,019149;0,000973
IfcColumn;Dintel Bastidor este;017IcDgrb8e9Yrvaf4Ei7F;Madera-Pilar:508 x 762 Bis:462553;0,000973;0,019149;0,000973
IfcColumn;Dintel Bastidor este;3o4WY3YIT3DhC3QAYvZoR3;Madera-Pilar:508 x 762 Bis:477346;0,000973;0,019149;0,000973
IfcColumn;Dintel Bastidor este;3o4WY3YIT3DhC3QAYvZoRN;Madera-Pilar:508 x 762 Bis:477366;0,000973;0,019149;0,000973
IfcColumn;Dintel Bastidor este;017IcDgrb8e9Yrvaf4Ei70;Madera-Pilar:508 x 762 Bis:462550;0,000973;0,019149;0,000973
IfcColumn;Dintel Bastidor este;3o4WY3YIT3DhC3QAYvZoRL;Madera-Pilar:508 x 762 Bis:477364;0,000973;0,019149;0,000973
IfcColumn;Dintel Bastidor este;1hVl$hSxP07xUYKPW4Vdt5;Madera-Pilar:508 x 762 Bis:833214;0,000776;0,015278;0,000776
IfcColumn;Dintel Bastidor este;1hVl$hSxP07xUYKPW4Vdn5;Madera-Pilar:508 x 762 Bis:833342;0,000776;0,015278;0,000776
IfcColumn;Nivel 0;27PH5$VWf25ezVaOQ2Rm6d;"Madera-Pilar:3""x6"":557299";0,009039;0,118628;0,009039
IfcColumn;Nivel 0;27PH5$VWf25ezVaOQ2Rm7o;"Madera-Pilar:3""x6"":557222";0,009039;0,118628;0,009039
IfcColumn;Nivel 0;3o4WY3YIT3DhC3QAovZpNz;"Madera-Pilar:3""x6"":482204";0,009039;0,118628;0,009039
IfcColumn;Nivel 0;27PH5$VWf25ezVaOQ2Rm6c;"Madera-Pilar:3""x6"":557298";0,009039;0,118628;0,009039
IfcColumn;Nivel 0;2vmqESjFX7AQXpuvKj9wFj;Madera-Pilar:508 x 1016 Bis:749959;0,004018;0,079085;0,004018
IfcColumn;Nivel 0;1oDoWiI5XAsBFQurnqz2Wv;Madera-Pilar:508 x 1016:843827;0,004018;0,079085;0,004018
IfcColumn;Nivel 0;3o4WY3YIT3DhC3QAovZott;Madera-Pilar:508 x 1016:476054;0,004018;0,079085;0,004018
IfcColumn;Nivel 0;3Nc8k3oVLENBa_mpAUH4b5;Madera-Pilar:508 x 1016:805584;0,004018;0,079085;0,004018
IfcColumn;Nivel 0;3hGbOGFPjDzRTkFrBwI5$2;Madera-Pilar:508 x 1016:607679;0,004018;0,079085;0,004018
IfcColumn;Nivel 0;1oDoWiI5XAsBFQurnqz2fv;Madera-Pilar:508 x 1016:844403;0,004018;0,079085;0,004018
IfcColumn;Nivel 0;1W0XCr7jvBfA1PDbQGupsW;Madera-Pilar:508 x 1016:806789;0,004018;0,079085;0,004018
IfcColumn;Nivel 0;3o4WY3YIT3DhC3QAovZots;Madera-Pilar:508 x 1016:476055;0,004018;0,079085;0,004018
IfcColumn;Nivel 0;3o4WY3YIT3DhC3QAovZotn;Madera-Pilar:508 x 1016:476048;0,004018;0,079085;0,004018
IfcColumn;Nivel 0;3o4WY3YIT3DhC3QAovZp$H;Madera-Pilar:508 x 1016:479664;0,004018;0,079085;0,004018
IfcColumn;Nivel 0;2Fx1YQ7bT3HeEfpnS$IQ10;Madera-Pilar:508 x 1016 Bis:761256;0,004018;0,079085;0,004018
IfcColumn;Nivel 0;3hGbOGFPjDzRTkFrBwI5$D;Madera-Pilar:508 x 1016:607664;0,004018;0,079085;0,004018
IfcColumn;Nivel 0;3Nc8k3oVLENBa_opEUH4i0;Madera-Pilar:508 x 1016:805013;0,004018;0,079085;0,004018
IfcColumn;Nivel 0;3o4WY3YIT3DhC3QAovZt4_;Madera-Pilar:508 x 1016:466783;0,004018;0,079085;0,004018
IfcColumn;Nivel 0;2UPZHC5AL21BMXzelrrmwr;Madera-Pilar:508 x 1016:809457;0,004018;0,079085;0,004018
IfcColumn;Nivel 0;3o4WY3YIT3DhC3QAovZpBC;Madera-Pilar:508 x 1016 Bis:482477;0,004018;0,079085;0,004018
IfcColumn;Nivel 0;2D_MstZEL04Rg$J61zINZB;Madera-Pilar:508 x 1016 Bis:837107;0,004018;0,079085;0,004018
IfcColumn;Nivel 0;3o4WY3YIT3DhC3QAovZpBE;Madera-Pilar:508 x 1016 Bis:482479;0,004018;0,079085;0,004018
IfcColumn;Nivel 0;1375eEeY5DAPHpwHxkVboC;Madera-Pilar:508 x 1016:798391;0,004018;0,079085;0,004018
IfcColumn;Nivel 0;3o4WY3YIT3DhC3QAovZpB8;Madera-Pilar:508 x 1016 Bis:482473;0,004018;0,079085;0,004018
IfcColumn;Nivel 0;2D_MstZEL04Rg$J61zINJF;Madera-Pilar:508 x 1016 Bis:838135;0,004018;0,079085;0,004018
IfcColumn;Nivel 0;1oDoWiI5XAsBFQurnqz2o0;Madera-Pilar:508 x 1016 Bis:844938;0,004018;0,079085;0,004018
IfcColumn;Nivel 0;3o4WY3YIT3DhC3QAovZpBD;Madera-Pilar:508 x 1016 Bis:482476;0,004018;0,079085;0,004018
IfcColumn;Nivel 0;3o4WY3YIT3DhC3QAovZq7i;Madera-Pilar:508 x 1016:470925;0,004018;0,079085;0,004018
IfcColumn;Nivel 0;1a8P5_QNH6xPtC01R1VzKm;Madera-Pilar:508 x 1016:789087;0,004018;0,079085;0,004018
IfcColumn;Nivel 0;3o4WY3YIT3DhC3QAovZq7j;Madera-Pilar:508 x 1016:470924;0,004018;0,079085;0,004018
IfcColumn;Nivel 0;3o4WY3YIT3DhC3QAovZpBB;Madera-Pilar:508 x 1016 Bis:482474;0,004018;0,079085;0,004018
IfcColumn;Nivel 0;1tgHqkfxHEbPVIsT6cvcZ7;Madera-Pilar:508 x 1016:851841;0,004018;0,079085;0,004018
IfcColumn;Nivel 0;1tgHqkfxHEbPVIsT6cvvOG;Madera-Pilar:508 x 1016:852310;0,004018;0,079085;0,004018
IfcColumn;Nivel 0;017IcDgrb8e9Yrvav4Ei31;Madera-Pilar:508 x 1016 Bis:462807;0,004018;0,079085;0,004018
IfcColumn;Nivel 0;017IcDgrb8e9Yrvav4Ei3E;Madera-Pilar:508 x 1016 Bis:462808;0,004018;0,079085;
IfcColumn;Nivel 0;017IcDgrb8e9Yrvav4Ei3F;Madera-Pilar:508 x 1016 Bis:462809;0,004018;0,079085;
IfcColumn;Nivel 0;017IcDgrb8e9Yrvav4Ei3A;Madera-Pilar:508 x 1016 Bis:462812;0,004018;0,079085;
IfcColumn;Nivel 0;017IcDgrb8e9Yrvav4Ei38;Madera-Pilar:508 x 1016 Bis:462814;0,004018;0,079085;
IfcColumn;Nivel 0;3o4WY3YIT3DhC3QAovZrRw;Madera-Pilar:508 x 1016 Bis:473243;0,004018;0,079085;
IfcColumn;Nivel 0;3o4WY3YIT3DhC3QAovZogv;Madera-Pilar:508 x 1016 Bis:476376;0,004018;0,079085;0,004018
IfcColumn;Nivel 0;3o4WY3YIT3DhC3QAovZogx;Madera-Pilar:508 x 1016 Bis:476378;0,004018;0,079085;
IfcColumn;Nivel 0;3o4WY3YIT3DhC3QAovZoL3;Madera-Pilar:508 x 1016 Bis:477986;0,004018;0,079085;
IfcColumn;Nivel 0;3o4WY3YIT3DhC3QAovZoL4;Madera-Pilar:508 x 1016 Bis:477989;0,004018;0,079085;
IfcColumn;Nivel 0;3o4WY3YIT3DhC3QAovZoL7;Madera-Pilar:508 x 1016 Bis:477990;0,004018;0,079085;
IfcColumn;Nivel 0;3o4WY3YIT3DhC3QAovZoL6;Madera-Pilar:508 x 1016 Bis:477991;0,004018;0,079085;
IfcColumn;Nivel 0;3o4WY3YIT3DhC3QAovZoL9;Madera-Pilar:508 x 1016 Bis:477992;0,004018;0,079085;
IfcColumn;Nivel 0;3o4WY3YIT3DhC3QAovZoL8;Madera-Pilar:508 x 1016 Bis:477993;0,004018;0,079085;
IfcColumn;Nivel 0;3o4WY3YIT3DhC3QAovZoLB;Madera-Pilar:508 x 1016 Bis:477994;0,004018;0,079085;
IfcColumn;Nivel 0;3o4WY3YIT3DhC3QAovZoLA;Madera-Pilar:508 x 1016 Bis:477995;0,004018;0,079085;
IfcColumn;Nivel 0;3o4WY3YIT3DhC3QAovZoLF;Madera-Pilar:508 x 1016 Bis:477998;0,004018;0,079085;
IfcColumn;Nivel 0;3o4WY3YIT3DhC3QAovZoLE;Madera-Pilar:508 x 1016 Bis:477999;0,004018;0,079085;
IfcColumn;Nivel 0;3o4WY3YIT3DhC3QAovZoLH;Madera-Pilar:508 x 1016 Bis:478000;0,004018;0,079085;
IfcColumn;Nivel 0;3o4WY3YIT3DhC3QAovZoLL;Madera-Pilar:508 x 1016 Bis:478004;0,004018;0,079085;
IfcColumn;Nivel 0;3o4WY3YIT3DhC3QAovZoLK;Madera-Pilar:508 x 1016 Bis:478005;0,004018;0,079085;
IfcColumn;Nivel 0;1AETc7D1PBRQCf__kuePpR;Madera-Pilar:508 x 1016 Bis:602348;0,004018;0,079085;
IfcColumn;Nivel 0;3hGbOGFPjDzRTkFrBwI2tK;Madera-Pilar:508 x 1016 Bis:604073;0,004018;0,079085;0,004018
IfcColumn;Nivel 0;3hGbOGFPjDzRTkFrBwI2t8;Madera-Pilar:508 x 1016 Bis:604085;0,004018;0,079085;
IfcColumn;Nivel 0;3hGbOGFPjDzRTkFrBwI2A0;Madera-Pilar:508 x 1016 Bis:604413;0,004018;0,079085;
IfcColumn;Nivel 0;31U69hZCLDCAqgchMc3m3I;Madera-Pilar:508 x 1016 Bis:721023;0,004018;0,079085;
IfcColumn;Nivel 0;11hGI9g8T8Dge2YV_D1dF5;Madera-Pilar:508 x 1016 Bis:730474;0,004018;0,079085;
IfcColumn;Nivel 0;31CVGmJljB$9y9Fc$jqwI$;Madera-Pilar:508 x 1016 Bis:742886;0,004018;0,079085;
IfcColumn;Nivel 0;2vmqESjFX7AQXpuvKj9rTo;Madera-Pilar:508 x 1016 Bis:754968;0,004018;0,079085;0,004018
IfcColumn;Nivel 0;2vmqESjFX7AQXpuvKj9rzi;Madera-Pilar:508 x 1016 Bis:756998;0,004018;0,079085;
IfcColumn;Nivel 0;2Fx1YQ7bT3HeEfpnS$IQ31;Madera-Pilar:508 x 1016 Bis:761129;0,004018;0,079085;
IfcColumn;Nivel 0;2vTlNdHrH2jOmEICAVakcn;Madera-Pilar:508 x 1016 Bis:774943;0,004018;0,079085;0,004018
IfcColumn;Nivel 0;2vTlNdHrH2jOmEICAVakdT;Madera-Pilar:508 x 1016 Bis:775027;0,004018;0,079085;
IfcColumn;Nivel 0;0M74zrrYLEAByWafknjOTD;Madera-Pilar:508 x 1016 Bis:778101;0,004018;0,079085;
IfcColumn;Nivel 0;0M74zrrYLEAByWafknjOUm;Madera-Pilar:508 x 1016 Bis:778120;0,004018;0,079085;
IfcColumn;Nivel 0;0M74zrrYLEAByWafknjRrx;Madera-Pilar:508 x 1016 Bis:779587;0,004018;0,079085;
IfcColumn;Nivel 0;1QxNnJv5b1sfWhLo_NL9qx;Madera-Pilar:508 x 1016 Bis:785591;0,004018;0,079085;0,004018
IfcColumn;Nivel 0;1QxNnJv5b1sfWhLo_NL9qq;Madera-Pilar:508 x 1016 Bis:785592;0,004018;0,079085;
IfcColumn;Nivel 0;1375eEeY5DAPHpwHxkVa8z;Madera-Pilar:508 x 1016 Bis:798726;0,004018;0,079085;
IfcColumn;Nivel 0;1375eEeY5DAPHpwHxkVa8h;Madera-Pilar:508 x 1016 Bis:798736;0,004018;0,079085;
IfcColumn;Nivel 0;3Nc8k3oVLENBa_mpAUH4BP;Madera-Pilar:508 x 1016 Bis:803148;0,004018;0,079085;
IfcColumn;Nivel 0;2CHu75xVrEVftyAxtBTxCo;Madera-Pilar:508 x 1016 Bis:831114;0,004018;0,079085;
IfcColumn;Nivel 0;2CHu75xVrEVftyAxtBTxCT;Madera-Pilar:508 x 1016 Bis:831141;0,004018;0,079085;
IfcColumn;Nivel 0;2CHu75xVrEVftyAxtBTxDy;Madera-Pilar:508 x 1016 Bis:831172;0,004018;0,079085;
IfcColumn;Nivel 0;2CHu75xVrEVftyAxtBTxDd;Madera-Pilar:508 x 1016 Bis:831199;0,004018;0,079085;
IfcColumn;Nivel 0;2CHu75xVrEVftyAxtBTxD5;Madera-Pilar:508 x 1016 Bis:831229;0,004018;0,079085;
IfcColumn;Nivel 0;2CHu75xVrEVftyAxtBTxAY;Madera-Pilar:508 x 1016 Bis:831258;0,004018;0,079085;
IfcColumn;Nivel 0;1hVl$hSxP07xUYKPW4VdhL;Madera-Pilar:508 x 1016 Bis:831918;0,004018;0,079085;
IfcColumn;Nivel 0;1hVl$hSxP07xUYKPW4VdZH;Madera-Pilar:508 x 1016 Bis:832426;0,004018;0,079085;
IfcColumn;Nivel 0;1hVl$hSxP07xUYKPW4VdoM;Madera-Pilar:508 x 1016 Bis:833517;0,004018;0,079085;
IfcColumn;Nivel 0;1hVl$hSxP07xUYKPW4VdFi;Madera-Pilar:508 x 1016 Bis:833687;0,004018;0,079085;
IfcColumn;Nivel 0;2D_MstZEL04Rg$J61zINPb;Madera-Pilar:508 x 1016 Bis:838493;0,004018;0,079085;
IfcColumn;Nivel 0;1oDoWiI5XAsBFQurnqz2kN;Madera-Pilar:508 x 1016 Bis:844701;0,004018;0,079085;
IfcColumn;Nivel 0;1oDoWiI5XAsBFQurnqz2mf;Madera-Pilar:508 x 1016 Bis:844835;0,004018;0,079085;
IfcColumn;Nivel 0;1oDoWiI5XAsBFQurnqz2mb;Madera-Pilar:508 x 1016 Bis:844847;0,004018;0,079085;
IfcColumn;Nivel 0;1XyRjTmDTBrRNW_yofHU3J;Madera-Pilar:508 x 1016:727060;0,004018;0,079085;0,004018
IfcColumn;Nivel 0;1tgHqkfxHEbPVIsT6cvvOK;Madera-Pilar:508 x 1016:852306;0,004018;0,079085;0,004018
IfcColumn;Nivel 0;2D_MstZEL04Rg$J61zINTO;Madera-Pilar:508 x 1016 Bis:838240;0,004018;0,079085;0,004018
IfcColumn;Nivel 0;3o4WY3YIT3DhC3QAovZq7p;Madera-Pilar:508 x 1016 Bis:470930;0,004018;0,079085;0,004018
IfcColumn;Nivel 0;3o4WY3YIT3DhC3QAovZoto;Madera-Pilar:508 x 1016:476051;0,004018;0,079085;0,004018
IfcColumn;Nivel 0;1fhlfGBLf18BKSvdlGhogF;Madera-Pilar:508 x 1016:852457;0,004018;0,079085;0,004018
IfcColumn;Nivel 0;3o4WY3YIT3DhC3QAovZpBH;Madera-Pilar:508 x 1016 Bis:482480;0,004018;0,079085;0,004018
IfcColumn;Nivel 0;1AETc7D1PBRQCf__kuePzE;Madera-Pilar:508 x 1016 Bis:603001;0,004018;0,079085;0,004018
IfcColumn;Nivel 0;3o4WY3YIT3DhC3QAovZpBA;Madera-Pilar:508 x 1016 Bis:482475;0,004018;0,079085;0,004018
IfcColumn;Nivel 0;3o4WY3YIT3DhC3QAovZpBG;Madera-Pilar:508 x 1016 Bis:482481;0,004018;0,079085;0,004018
IfcColumn;Nivel 0;3o4WY3YIT3DhC3QAovZq7l;Madera-Pilar:508 x 1016:470926;0,004018;0,079085;0,004018
IfcColumn;Nivel 0;2D_MstZEL04Rg$J61zINQh;Madera-Pilar:508 x 1016:838547;0,004018;0,079085;0,004018
IfcColumn;Nivel 0;3o4WY3YIT3DhC3QAovZpBF;Madera-Pilar:508 x 1016 Bis:482478;0,004018;0,079085;0,004018
IfcColumn;Nivel 0;1oDoWiI5XAsBFQurnqz2oA;Madera-Pilar:508 x 1016 Bis:844928;0,004018;0,079085;0,004018
IfcColumn;Nivel 0;3o4WY3YIT3DhC3QAovZp$G;Madera-Pilar:508 x 1016:479665;0,004018;0,079085;0,004018
IfcColumn;Nivel 0;3o4WY3YIT3DhC3QAovZotk;Madera-Pilar:508 x 1016:476047;0,004018;0,079085;0,004018
IfcColumn;Nivel 0;3o4WY3YIT3DhC3QAovZp$E;Madera-Pilar:508 x 1016:479663;0,004018;0,079085;0,004018
IfcColumn;Nivel 0;1oDoWiI5XAsBFQurnqz2c0;Madera-Pilar:508 x 1016:844170;0,004018;0,079085;0,004018
IfcColumn;Nivel 0;3o4WY3YIT3DhC3QAovZotx;Madera-Pilar:508 x 1016:476058;0,004018;0,079085;0,004018
IfcColumn;Nivel 0;3hGbOGFPjDzRTkFrBwI2vi;Madera-Pilar:508 x 1016 Bis:603153;0,004018;0,079085;0,004018
IfcColumn;Nivel 0;2UPZHC5AL21BMXzelrrpBO;Madera-Pilar:508 x 1016:812444;0,004018;0,079085;0,004018
IfcColumn;Nivel 0;2UPZHC5AL21BMXzelrroOB;Madera-Pilar:508 x 1016:815439;0,004018;0,079085;0,004018
IfcColumn;Nivel 0;2UPZHC5AL21BMXzelrrp6$;Madera-Pilar:508 x 1016:812795;0,004018;0,079085;0,004018
IfcColumn;Nivel 0;3o4WY3YIT3DhC3QAovZp$J;Madera-Pilar:508 x 1016:479666;0,004018;0,079085;0,004018
IfcColumn;Nivel 0;2UPZHC5AL21BMX$ehrrpBS;Madera-Pilar:508 x 1016:812440;0,004018;0,079085;0,004018
IfcColumn;Nivel 0;3o4WY3YIT3DhC3QAovZp$A;Madera-Pilar:508 x 1016:479659;0,004018;0,079085;0,004018
IfcColumn;Nivel 0;3o4WY3YIT3DhC3QAovZoth;Madera-Pilar:508 x 1016:476042;0,004018;0,079085;0,004018
IfcColumn;Nivel 0;3o4WY3YIT3DhC3QAovZotm;Madera-Pilar:508 x 1016:476049;0,004018;0,079085;0,004018
IfcColumn;Nivel 0;2UPZHC5AL21BMXzelrroRM;Madera-Pilar:508 x 1016:815506;0,004018;0,079085;0,004018
IfcColumn;Nivel 0;3o4WY3YIT3DhC3OAsvZotj;Madera-Pilar:508 x 1016:476044;0,004018;0,079085;0,004018
IfcColumn;Nivel 0;3o4WY3YIT3DhC3QAovZp$8;Madera-Pilar:508 x 1016:479657;0,004018;0,079085;0,004018
IfcColumn;Nivel 0;2UPZHC5AL21BMX$ehrro9_;Madera-Pilar:508 x 1016:816442;0,004018;0,079085;0,004018
IfcColumn;Nivel 0;1oDoWiI5XAsBFQurnqz2d$;Madera-Pilar:508 x 1016:844277;0,004018;0,079085;0,004018
IfcColumn;Nivel 0;3o4WY3YIT3DhC3QAovZp$D;Madera-Pilar:508 x 1016:479660;0,004018;0,079085;0,004018
IfcColumn;Nivel 0;3o4WY3YIT3DhC3QAovZoti;Madera-Pilar:508 x 1016:476045;0,004018;0,079085;0,004018
IfcColumn;Nivel 0;3o4WY3YIT3DhC3QAovZoLN;Madera-Pilar:508 x 1016 Bis:478006;0,004018;0,079085;0,004018
IfcColumn;Nivel 0;2UPZHC5AL21BMX$ehrrpcd;Madera-Pilar:508 x 1016:814819;0,004018;0,079085;0,004018
IfcColumn;Nivel 0;1tgHqkfxHEbPVIqT2cvcvB;Madera-Pilar:508 x 1016 Bis:850189;0,003352;0,065979;0,003352
IfcColumn;Nivel 0;1tgHqkfxHEbPVIqT2cvcvc;Madera-Pilar:508 x 1016 Bis:850208;0,003352;0,065979;0,003352
IfcColumn;Nivel 0;3o4WY3YIT3DhC3QAovZoRN;Madera-Pilar:508 x 762 Bis:477366;0,003013;0,059314;0,003013
IfcColumn;Nivel 0;1hVl$hSxP07xUYKPW4VdhN;Madera-Pilar:508 x 762 Bis:831916;0,003013;0,059314;0,003013
IfcColumn;Nivel 0;3o4WY3YIT3DhC3QAovZooR;Madera-Pilar:508 x 762:475898;0,003013;0,059314;0,003013
IfcColumn;Nivel 0;1oDoWiI5XAsBFQurnqz2W_;Madera-Pilar:508 x 762:843828;0,003013;0,059314;0,003013
IfcColumn;Nivel 0;3o4WY3YIT3DhC3QAovZqwi;Madera-Pilar:508 x 762:467149;0,003013;0,059314;0,003013
IfcColumn;Nivel 0;1QxNnJv5b1sfWhLo_NL9qw;Madera-Pilar:508 x 762 Bis:785590;0,003013;0,059314;0,003013
IfcColumn;Nivel 0;1oDoWiI5XAsBFQurnqz2dy;Madera-Pilar:508 x 762:844278;0,003013;0,059314;0,003013
IfcColumn;Nivel 0;1hVl$hSxP07xUYKPW4VdZI;Madera-Pilar:508 x 762 Bis:832425;0,003013;0,059314;0,003013
IfcColumn;Nivel 0;3o4WY3YIT3DhC3QAovZptk;Madera-Pilar:508 x 762:480143;0,003013;0,059314;0,003013
IfcColumn;Nivel 0;3o4WY3YIT3DhC3QAovZptr;Madera-Pilar:508 x 762:480148;0,003013;0,059314;0,003013
IfcColumn;Nivel 0;2vTlNdHrH2jOmEICAVakcc;Madera-Pilar:508 x 762 Bis:774920;0,003013;0,059314;0,003013
IfcColumn;Nivel 0;2UPZHC5AL21BMX$ehrroCV;Madera-Pilar:508 x 762:816219;0,003013;0,059314;0,003013
IfcColumn;Nivel 0;3o4WY3YIT3DhC3QAovZpto;Madera-Pilar:508 x 762:480147;0,003013;0,059314;0,003013
IfcColumn;Nivel 0;1QxNnJv5b1sfWhLo_NL9qv;Madera-Pilar:508 x 762 Bis:785589;0,003013;0,059314;0,003013
IfcColumn;Nivel 0;3Nc8k3oVLENBa_mpAUH3W1;Madera-Pilar:508 x 762 Bis:801684;0,003013;0,059314;0,003013
IfcColumn;Nivel 0;2UPZHC5AL21BMX$ehrrpcc;Madera-Pilar:508 x 762:814818;0,003013;0,059314;0,003013
IfcColumn;Nivel 0;3o4WY3YIT3DhC3QAovZooS;Madera-Pilar:508 x 762:475901;0,003013;0,059314;0,003013
IfcColumn;Nivel 0;3o4WY3YIT3DhC3QAovZpti;Madera-Pilar:508 x 762:480141;0,003013;0,059314;0,003013
IfcColumn;Nivel 0;3o4WY3YIT3DhC3QAovZora;Madera-Pilar:508 x 762:475909;0,003013;0,059314;0,003013
IfcColumn;Nivel 0;3o4WY3YIT3DhC3QAovZooU;Madera-Pilar:508 x 762:475903;0,003013;0,059314;0,003013
IfcColumn;Nivel 0;3Nc8k3oVLENBa_opEUH4i1;Madera-Pilar:508 x 762:805012;0,003013;0,059314;0,003013
IfcColumn;Nivel 0;1375eEeY5DAPHpwHxkVboD;Madera-Pilar:508 x 762:798390;0,003013;0,059314;0,003013
IfcColumn;Nivel 0;2UPZHC5AL21BMX$ehrrpBJ;Madera-Pilar:508 x 762:812439;0,003013;0,059314;0,003013
IfcColumn;Nivel 0;3o4WY3YIT3DhC3QAovZrHa;Madera-Pilar:508 x 762 Bis:473605;0,003013;0,059314;0,003013
IfcColumn;Nivel 0;3o4WY3YIT3DhC3QAovZooM;Madera-Pilar:508 x 762:475895;0,003013;0,059314;0,003013
IfcColumn;Nivel 0;017IcDgrb8e9Yrvav4Ei74;Madera-Pilar:508 x 762 Bis:462546;0,003013;0,059314;0,003013
IfcColumn;Nivel 0;3o4WY3YIT3DhC3QAovZooQ;Madera-Pilar:508 x 762:475899;0,003013;0,059314;0,003013
IfcColumn;Nivel 0;2UPZHC5AL21BMXzelrroRL;Madera-Pilar:508 x 762:815505;0,003013;0,059314;0,003013
IfcColumn;Nivel 0;2UPZHC5AL21BMXzelrrpBV;Madera-Pilar:508 x 762:812443;0,003013;0,059314;0,003013
IfcColumn;Nivel 0;3o4WY3YIT3DhC3QAovZq0o;Madera-Pilar:508 x 762:470611;0,003013;0,059314;0,003013
IfcColumn;Nivel 0;2D_MstZEL04Rg$J61zINZA;Madera-Pilar:508 x 762 Bis:837106;0,003013;0,059314;0,003013
IfcColumn;Nivel 0;3o4WY3YIT3DhC3QAovZpN5;Madera-Pilar:508 x 762 Bis:482212;0,003013;0,059314;0,003013
IfcColumn;Nivel 0;3o4WY3YIT3DhC3QAovZpN1;Madera-Pilar:508 x 762 Bis:482208;0,003013;0,059314;0,003013
IfcColumn;Nivel 0;2D_MstZEL04Rg$J61zINTd;Madera-Pilar:508 x 762 Bis:838239;0,003013;0,059314;0,003013
IfcColumn;Nivel 0;3o4WY3YIT3DhC3QAovZpN$;Madera-Pilar:508 x 762 Bis:482206;0,003013;0,059314;0,003013
IfcColumn;Nivel 0;2Fx1YQ7bT3HeEfpnS$IQ30;Madera-Pilar:508 x 762 Bis:761128;0,003013;0,059314;0,003013
IfcColumn;Nivel 0;017IcDgrb8e9Yrvav4Ei75;Madera-Pilar:508 x 762 Bis:462547;0,003013;0,059314;0,003013
IfcColumn;Nivel 0;2Fx1YQ7bT3HeEfpnS$IQ12;Madera-Pilar:508 x 762 Bis:761258;0,003013;0,059314;0,003013
IfcColumn;Nivel 0;0JcdXlDaH1Vf6_J4XYAKMw;Madera-Pilar:508 x 762 Bis:773011;0,003013;0,059314;0,003013
IfcColumn;Nivel 0;2CHu75xVrEVftyAxtBTxDc;Madera-Pilar:508 x 762 Bis:831198;0,003013;0,059314;0,003013
IfcColumn;Nivel 0;2CHu75xVrEVftyAxtBTxAX;Madera-Pilar:508 x 762 Bis:831257;0,003013;0,059314;0,003013
IfcColumn;Nivel 0;3o4WY3YIT3DhC3QAovZoRH;Madera-Pilar:508 x 762 Bis:477360;0,003013;0,059314;0,003013
IfcColumn;Nivel 0;2vmqESjFX7AQXpuvKj9rTz;Madera-Pilar:508 x 762 Bis:754967;0,003013;0,059314;0,003013
IfcColumn;Nivel 0;3Nc8k3oVLENBa_mpAUH4bQ;Madera-Pilar:508 x 762:805583;0,003013;0,059314;0,003013
IfcColumn;Nivel 0;1oDoWiI5XAsBFQurnqz2f_;Madera-Pilar:508 x 762:844404;0,003013;0,059314;0,003013
IfcColumn;Nivel 0;0M74zrrYLEAByWafknjOHy;Madera-Pilar:508 x 762 Bis:777284;0,003013;0,059314;0,003013
IfcColumn;Nivel 0;1W0XCr7jvBfA1PDbQGupsX;Madera-Pilar:508 x 762:806788;0,003013;0,059314;0,003013
IfcColumn;Nivel 0;2CHu75xVrEVftyAxtBTxDx;Madera-Pilar:508 x 762 Bis:831171;0,003013;0,059314;0,003013
IfcColumn;Nivel 0;1tgHqkfxHEbPVIsT6cvcZ6;Madera-Pilar:508 x 762:851840;0,003013;0,059314;0,003013
IfcColumn;Nivel 0;1tgHqkfxHEbPVIsT6cvvON;Madera-Pilar:508 x 762:852305;0,003013;0,059314;0,003013
IfcColumn;Nivel 0;3o4WY3YIT3DhC3QAovZoR4;Madera-Pilar:508 x 762 Bis:477349;0,003013;0,059314;0,003013
IfcColumn;Nivel 0;3o4WY3YIT3DhC3QAovZoR7;Madera-Pilar:508 x 762 Bis:477350;0,003013;0,059314;
IfcColumn;Nivel 0;3o4WY3YIT3DhC3QAovZoR6;Madera-Pilar:508 x 762 Bis:477351;0,003013;0,059314;
IfcColumn;Nivel 0;3o4WY3YIT3DhC3QAovZoR9;Madera-Pilar:508 x 762 Bis:477352;0,003013;0,059314;
IfcColumn;Nivel 0;3o4WY3YIT3DhC3QAovZoR8;Madera-Pilar:508 x 762 Bis:477353;0,003013;0,059314;
IfcColumn;Nivel 0;3o4WY3YIT3DhC3QAovZoRB;Madera-Pilar:508 x 762 Bis:477354;0,003013;0,059314;
IfcColumn;Nivel 0;3o4WY3YIT3DhC3QAovZoRA;Madera-Pilar:508 x 762 Bis:477355;0,003013;0,059314;
IfcColumn;Nivel 0;3o4WY3YIT3DhC3QAovZoRF;Madera-Pilar:508 x 762 Bis:477358;0,003013;0,059314;
IfcColumn;Nivel 0;3o4WY3YIT3DhC3QAovZoRE;Madera-Pilar:508 x 762 Bis:477359;0,003013;0,059314;
IfcColumn;Nivel 0;2CHu75xVrEVftyAxtBTxCn;Madera-Pilar:508 x 762 Bis:831113;0,003013;0,059314;0,003013
IfcColumn;Nivel 0;2CHu75xVrEVftyAxtBTxCS;Madera-Pilar:508 x 762 Bis:831140;0,003013;0,059314;
IfcColumn;Nivel 0;1hVl$hSxP07xUYKPW4VdoN;Madera-Pilar:508 x 762 Bis:833516;0,003013;0,059314;
IfcColumn;Nivel 0;1hVl$hSxP07xUYKPW4VdFj;Madera-Pilar:508 x 762 Bis:833686;0,003013;0,059314;
IfcColumn;Nivel 0;11hGI9g8T8Dge2YV_D1dF6;Madera-Pilar:508 x 762 Bis:730473;0,003013;0,059314;0,003013
IfcColumn;Nivel 0;1XyRjTmDTBrRNW_yofHU$i;Madera-Pilar:508 x 762:726827;0,003013;0,059314;0,003013
IfcColumn;Nivel 0;1tgHqkfxHEbPVIsT6cvvOJ;Madera-Pilar:508 x 762:852309;0,003013;0,059314;0,003013
IfcColumn;Nivel 0;3o4WY3YIT3DhC3QAovZpNy;Madera-Pilar:508 x 762 Bis:482205;0,003013;0,059314;0,003013
IfcColumn;Nivel 0;2CHu75xVrEVfty8xpBTxo4;Madera-Pilar:508 x 762 Bis:827708;0,003013;0,059314;0,003013
IfcColumn;Nivel 0;3o4WY3YIT3DhC3QAovZpN6;Madera-Pilar:508 x 762 Bis:482215;0,003013;0,059314;0,003013
IfcColumn;Nivel 0;3o4WY3YIT3DhC3QAovZq0m;Madera-Pilar:508 x 762:470609;0,003013;0,059314;0,003013
IfcColumn;Nivel 0;3o4WY3YIT3DhC3QAovZpN_;Madera-Pilar:508 x 762 Bis:482207;0,003013;0,059314;0,003013
IfcColumn;Nivel 0;3Nc8k3oVLENBa_mpAUH4BU;Madera-Pilar:508 x 762 Bis:803147;0,003013;0,059314;0,003013
IfcColumn;Nivel 0;3o4WY3YIT3DhC3QAovZpN3;Madera-Pilar:508 x 762 Bis:482210;0,003013;0,059314;0,003013
IfcColumn;Nivel 0;2D_MstZEL04Rg$J61zINQg;Madera-Pilar:508 x 762:838546;0,003013;0,059314;0,003013
IfcColumn;Nivel 0;3o4WY3YIT3DhC3QAovZq0p;Madera-Pilar:508 x 762:470610;0,003013;0,059314;0,003013
IfcColumn;Nivel 0;1tgHqkfxHEbPVIsT6cvcYI;Madera-Pilar:508 x 762:851924;0,003013;0,059314;0,003013
IfcColumn;Nivel 0;2UPZHC5AL21BMXzelrrmwq;Madera-Pilar:508 x 762:809456;0,003013;0,059314;0,003013
IfcColumn;Nivel 0;3o4WY3YIT3DhC3QAovZorZ;Madera-Pilar:508 x 762:475906;0,003013;0,059314;0,003013
IfcColumn;Nivel 0;3o4WY3YIT3DhC3QAovZpN0;Madera-Pilar:508 x 762 Bis:482209;0,003013;0,059314;0,003013
IfcColumn;Nivel 0;3o4WY3YIT3DhC3QAovZpN2;Madera-Pilar:508 x 762 Bis:482211;0,003013;0,059314;0,003013
IfcColumn;Nivel 0;3o4WY3YIT3DhC3QAovZptt;Madera-Pilar:508 x 762:480150;0,003013;0,059314;0,003013
IfcColumn;Nivel 0;2D_MstZEL04Rg$J61zINJE;Madera-Pilar:508 x 762 Bis:838134;0,003013;0,059314;0,003013
IfcColumn;Nivel 0;1a8P5_QNH6xPtC01R1VzJo;Madera-Pilar:508 x 762:789405;0,003013;0,059314;0,003013
IfcColumn;Nivel 0;3o4WY3YIT3DhC3QAovZptq;Madera-Pilar:508 x 762:480149;0,003013;0,059314;0,003013
IfcColumn;Nivel 0;2UPZHC5AL21BMXzelrrp6M;Madera-Pilar:508 x 762:812754;0,003013;0,059314;0,003013
IfcColumn;Nivel 0;0JcdXlDaH1Vf6_J4XYAKM7;Madera-Pilar:508 x 762 Bis:773038;0,003013;0,059314;0,003013
IfcColumn;Nivel 0;27PH5$VWf25ezVaOQ2RmRE;Madera-Pilar:508 x 762:559002;0,003013;0,059314;0,003013
IfcColumn;Nivel 0;2vmqESjFX7AQXpuvKj9rzl;Madera-Pilar:508 x 762 Bis:756997;0,003013;0,059314;0,003013
IfcColumn;Nivel 0;1oDoWiI5XAsBFQurnqz2c1;Madera-Pilar:508 x 762:844171;0,003013;0,059314;0,003013
IfcColumn;Nivel 0;017IcDgrb8e9Yrvav4Ei70;Madera-Pilar:508 x 762 Bis:462550;0,003013;0,059314;0,003013
IfcColumn;Nivel 0;3o4WY3YIT3DhC3QAovZooN;Madera-Pilar:508 x 762:475894;0,003013;0,059314;0,003013
IfcColumn;Nivel 0;3o4WY3YIT3DhC3QAovZoR1;Madera-Pilar:508 x 762 Bis:477344;0,003013;0,059314;0,003013
IfcColumn;Nivel 0;3o4WY3YIT3DhC3QAovZoR0;Madera-Pilar:508 x 762 Bis:477345;0,003013;0,059314;0,003013
IfcColumn;Nivel 0;3o4WY3YIT3DhC3QAovZoR3;Madera-Pilar:508 x 762 Bis:477346;0,003013;0,059314;0,003013
IfcColumn;Nivel 0;3o4WY3YIT3DhC3QAovZoRL;Madera-Pilar:508 x 762 Bis:477364;0,003013;0,059314;0,003013
IfcColumn;Nivel 0;2vmqESjFX7AQXpuvKj9w3i;Madera-Pilar:508 x 762 Bis:750214;0,003013;0,059314;0,003013
IfcColumn;Nivel 0;2vTlNdHrH2jOmEICAVakWX;Madera-Pilar:508 x 762 Bis:774799;0,003013;0,059314;0,003013
IfcColumn;Nivel 0;2UPZHC5AL21BMXzelrroOA;Madera-Pilar:508 x 762:815438;0,003013;0,059314;0,003013
IfcColumn;Nivel 0;3o4WY3YIT3DhC3QAovZoRK;Madera-Pilar:508 x 762 Bis:477365;0,003013;0,059314;0,003013
IfcColumn;Nivel 0;3o4WY3YIT3DhC3OAsvZooO;Madera-Pilar:508 x 762:475897;0,003013;0,059314;0,003013
IfcColumn;Nivel 0;017IcDgrb8e9Yrvav4Ei7F;Madera-Pilar:508 x 762 Bis:462553;0,003013;0,059314;0,003013
IfcColumn;Nivel 0;3o4WY3YIT3DhC3QAovZptn;Madera-Pilar:508 x 762:480144;0,003013;0,059314;0,003013
IfcColumn;Nivel 0;017IcDgrb8e9Yrvav4Ei71;Madera-Pilar:508 x 762 Bis:462551;0,003013;0,059314;0,003013
IfcColumn;Nivel 0;2CHu75xVrEVftyAxtBTxD4;Madera-Pilar:508 x 762 Bis:831228;0,003013;0,059314;0,003013
IfcColumn;Nivel 0;1tgHqkfxHEbPVIqT2cvcvP;Madera-Pilar:508 x 762 Bis:850207;0,002514;0,049484;0,002514
IfcColumn;Nivel 0;1tgHqkfxHEbPVIqT2cvcvA;Madera-Pilar:508 x 762 Bis:850188;0,002514;0,049484;0,002514
IfcColumn;Nivel 0;1A4AnO48H7agfsPolKJFEu;Madera-Pilar:508 x 1016 Bis:824602;0,001702;0,033498;0,001702
IfcColumn;Nivel 0;1A4AnO48H7agfsPolKJFEv;Madera-Pilar:508 x 762 Bis:824603;0,001276;0,025123;0,001276
IfcColumn;Pilotes (PARA LAMINA);2M_rlwsiX2vel1Gl1s0xEv;Hormigón-Redondo-Pilar:Pilote de HºAº:717753;0,004757;0,047801;0,004787
IfcColumn;Pilotes (PARA LAMINA);2M_rlwsiX2vel1Gl1s0xIz;Hormigón-Redondo-Pilar:Pilote de HºAº:718013;0,004757;0,047801;
IfcColumn;Pilotes (PARA LAMINA);2M_rlwsiX2vel1Gl1s0xUT;Hormigón-Redondo-Pilar:Pilote de HºAº:718749;0,004757;0,047801;
IfcColumn;Pilotes (PARA LAMINA);2M_rlwsiX2vel1Gl1s0xWw;Hormigón-Redondo-Pilar:Pilote de HºAº:718906;0,004757;0,047801;
IfcColumn;Pilotes inf;2FYjgeUXLAEuYtKb8kt5zE;Hormigón-Redondo-Pilar:Pilote de HºAº:509640;0,032213;0,323692;0,032417
IfcColumn;Pilotes inf;2FYjgeUXLAEuYtKb8kt5zF;Hormigón-Redondo-Pilar:Pilote de HºAº:509641;0,032213;0,323692;
IfcColumn;Pilotes inf;2FYjgeUXLAEuYtKb8kt5zC;Hormigón-Redondo-Pilar:Pilote de HºAº:509642;0,032213;0,323692;
IfcColumn;Pilotes inf;2FYjgeUXLAEuYtKb8kt5zA;Hormigón-Redondo-Pilar:Pilote de HºAº:509644;0,032213;0,323692;
IfcColumn;Pilotes inf;2FYjgeUXLAEuYtKb8kt5zB;Hormigón-Redondo-Pilar:Pilote de HºAº:509645;0,032213;0,323692;
IfcColumn;Pilotes inf;2FYjgeUXLAEuYtKb8kt5z8;Hormigón-Redondo-Pilar:Pilote de HºAº:509646;0,032213;0,323692;
IfcColumn;Pilotes inf;2FYjgeUXLAEuYtKb8kt5z9;Hormigón-Redondo-Pilar:Pilote de HºAº:509647;0,032213;0,323692;
IfcColumn;Pilotes inf;2FYjgeUXLAEuYtKb8kt5zN;Hormigón-Redondo-Pilar:Pilote de HºAº:509649;0,032213;0,323692;
IfcColumn;Pilotes inf;2FYjgeUXLAEuYtKb8kt5zK;Hormigón-Redondo-Pilar:Pilote de HºAº:509650;0,032213;0,323692;
IfcColumn;Pilotes inf;2FYjgeUXLAEuYtKb8kt5zL;Hormigón-Redondo-Pilar:Pilote de HºAº:509651;0,032213;0,323692;
IfcColumn;Pilotes inf;2FYjgeUXLAEuYtKb8kt5zI;Hormigón-Redondo-Pilar:Pilote de HºAº:509652;0,032213;0,323692;
IfcColumn;Pilotes inf;2FYjgeUXLAEuYtKb8kt5zG;Hormigón-Redondo-Pilar:Pilote de HºAº:509654;0,032213;0,323692;
IfcColumn;Pilotes inf;2FYjgeUXLAEuYtKb8kt5zH;Hormigón-Redondo-Pilar:Pilote de HºAº:509655;0,032213;0,323692;
IfcColumn;Pilotes inf;2FYjgeUXLAEuYtKb8kt5zU;Hormigón-Redondo-Pilar:Pilote de HºAº:509656;0,032213;0,323692;
IfcColumn;Pilotes inf;2FYjgeUXLAEuYtKb8kt5zV;Hormigón-Redondo-Pilar:Pilote de HºAº:509657;0,032213;0,323692;
IfcColumn;Pilotes inf;2FYjgeUXLAEuYtKb8kt5zS;Hormigón-Redondo-Pilar:Pilote de HºAº:509658;0,032213;0,323692;
IfcColumn;Pilotes inf;2ffYDPgRbCPeCfJOxXeHW2;Hormigón-Redondo-Pilar:Pilote de HºAº:677251;0,032213;0,323692;
IfcColumn;Pilotes inf;2ffYDPgRbCPeCfJOxXeHWv;Hormigón-Redondo-Pilar:Pilote de HºAº:677304;0,032213;0,323692;
IfcColumn;Pilotes inf;2ffYDPgRbCPeCfJOxXeHXt;Hormigón-Redondo-Pilar:Pilote de HºAº:677366;0,032213;0,323692;
IfcColumn;Umblar de Bastidor este;3o4WY3YIT3DhC3QA_vZpNz;"Madera-Pilar:3""x6"":482204";0,000590;0,011613;0,000590
IfcColumn;Umblar de Bastidor este;27PH5$VWf25ezVaOM2Rm7o;"Madera-Pilar:3""x6"":557222";0,000590;0,011613;0,000590
IfcColumn;Umblar de Bastidor este;27PH5$VWf25ezVaOM2Rm6d;"Madera-Pilar:3""x6"":557299";0,000590;0,011613;0,000590
IfcColumn;Umblar de Bastidor este;27PH5$VWf25ezVaOM2Rm6c;"Madera-Pilar:3""x6"":557298";0,000590;0,011613;0,000590
IfcColumn;Umblar de Bastidor este;2UPZHC5AL21BMX$edrro9_;Madera-Pilar:508 x 1016:816442;0,000262;0,005161;0,000262
IfcColumn;Umblar de Bastidor este;2UPZHC5AL21BMX$edrrpcd;Madera-Pilar:508 x 1016:814819;0,000262;0,005161;0,000262
IfcColumn;Umblar de Bastidor este;1oDoWiI5XAsBFQurzqz2fv;Madera-Pilar:508 x 1016:844403;0,000262;0,005161;0,000262
IfcColumn;Umblar de Bastidor este;3o4WY3YIT3DhC3QA_vZp$E;Madera-Pilar:508 x 1016:479663;0,000262;0,005161;0,000262
IfcColumn;Umblar de Bastidor este;2UPZHC5AL21BMX$edrrpBS;Madera-Pilar:508 x 1016:812440;0,000262;0,005161;0,000262
IfcColumn;Umblar de Bastidor este;3o4WY3YIT3DhC3QA_vZp$8;Madera-Pilar:508 x 1016:479657;0,000262;0,005161;0,000262
IfcColumn;Umblar de Bastidor este;1AETc7D1PBRQCf__YuePzE;Madera-Pilar:508 x 1016 Bis:603001;0,000262;0,005161;0,000262
IfcColumn;Umblar de Bastidor este;1oDoWiI5XAsBFQurzqz2oA;Madera-Pilar:508 x 1016 Bis:844928;0,000262;0,005161;0,000262
IfcColumn;Umblar de Bastidor este;3o4WY3YIT3DhC3QA_vZp$G;Madera-Pilar:508 x 1016:479665;0,000262;0,005161;0,000262
IfcColumn;Umblar de Bastidor este;3o4WY3YIT3DhC3QA_vZotx;Madera-Pilar:508 x 1016:476058;0,000262;0,005161;0,000262
IfcColumn;Umblar de Bastidor este;3o4WY3YIT3DhC3QA_vZpBA;Madera-Pilar:508 x 1016 Bis:482475;0,000262;0,005161;0,000262
IfcColumn;Umblar de Bastidor este;3o4WY3YIT3DhC3QA_vZpBH;Madera-Pilar:508 x 1016 Bis:482480;0,000262;0,005161;0,000262
IfcColumn;Umblar de Bastidor este;1oDoWiI5XAsBFQurzqz2o0;Madera-Pilar:508 x 1016 Bis:844938;0,000262;0,005161;0,000262
IfcColumn;Umblar de Bastidor este;3o4WY3YIT3DhC3QA_vZpB8;Madera-Pilar:508 x 1016 Bis:482473;0,000262;0,005161;0,000262
IfcColumn;Umblar de Bastidor este;2D_MstZEL04Rg$J6DzINZB;Madera-Pilar:508 x 1016 Bis:837107;0,000262;0,005161;0,000262
IfcColumn;Umblar de Bastidor este;3o4WY3YIT3DhC3QA_vZpBB;Madera-Pilar:508 x 1016 Bis:482474;0,000262;0,005161;0,000262
IfcColumn;Umblar de Bastidor este;2D_MstZEL04Rg$J6DzINTO;Madera-Pilar:508 x 1016 Bis:838240;0,000262;0,005161;0,000262
IfcColumn;Umblar de Bastidor este;2D_MstZEL04Rg$J6DzINQh;Madera-Pilar:508 x 1016:838547;0,000262;0,005161;0,000262
IfcColumn;Umblar de Bastidor este;1fhlfGBLf18BKSvdZGhogF;Madera-Pilar:508 x 1016:852457;0,000262;0,005161;0,000262
IfcColumn;Umblar de Bastidor este;2D_MstZEL04Rg$J6DzINJF;Madera-Pilar:508 x 1016 Bis:838135;0,000262;0,005161;0,000262
IfcColumn;Umblar de Bastidor este;3o4WY3YIT3DhC3QA_vZq7p;Madera-Pilar:508 x 1016 Bis:470930;0,000262;0,005161;0,000262
IfcColumn;Umblar de Bastidor este;3o4WY3YIT3DhC3QA_vZq7j;Madera-Pilar:508 x 1016:470924;0,000262;0,005161;0,000262
IfcColumn;Umblar de Bastidor este;017IcDgrb8e9Yrvar4Ei31;Madera-Pilar:508 x 1016 Bis:462807;0,000262;0,005161;0,000262
IfcColumn;Umblar de Bastidor este;017IcDgrb8e9Yrvar4Ei3E;Madera-Pilar:508 x 1016 Bis:462808;0,000262;0,005161;
IfcColumn;Umblar de Bastidor este;017IcDgrb8e9Yrvar4Ei3F;Madera-Pilar:508 x 1016 Bis:462809;0,000262;0,005161;
IfcColumn;Umblar de Bastidor este;017IcDgrb8e9Yrvar4Ei3A;Madera-Pilar:508 x 1016 Bis:462812;0,000262;0,005161;
IfcColumn;Umblar de Bastidor este;017IcDgrb8e9Yrvar4Ei38;Madera-Pilar:508 x 1016 Bis:462814;0,000262;0,005161;
IfcColumn;Umblar de Bastidor este;3o4WY3YIT3DhC3QA_vZrRw;Madera-Pilar:508 x 1016 Bis:473243;0,000262;0,005161;
IfcColumn;Umblar de Bastidor este;3o4WY3YIT3DhC3QA_vZogv;Madera-Pilar:508 x 1016 Bis:476376;0,000262;0,005161;0,000262
IfcColumn;Umblar de Bastidor este;3o4WY3YIT3DhC3QA_vZogx;Madera-Pilar:508 x 1016 Bis:476378;0,000262;0,005161;
IfcColumn;Umblar de Bastidor este;3o4WY3YIT3DhC3QA_vZoL3;Madera-Pilar:508 x 1016 Bis:477986;0,000262;0,005161;
IfcColumn;Umblar de Bastidor este;3o4WY3YIT3DhC3QA_vZoL4;Madera-Pilar:508 x 1016 Bis:477989;0,000262;0,005161;
IfcColumn;Umblar de Bastidor este;3o4WY3YIT3DhC3QA_vZoL7;Madera-Pilar:508 x 1016 Bis:477990;0,000262;0,005161;
IfcColumn;Umblar de Bastidor este;3o4WY3YIT3DhC3QA_vZoL6;Madera-Pilar:508 x 1016 Bis:477991;0,000262;0,005161;
IfcColumn;Umblar de Bastidor este;3o4WY3YIT3DhC3QA_vZoL9;Madera-Pilar:508 x 1016 Bis:477992;0,000262;0,005161;
IfcColumn;Umblar de Bastidor este;3o4WY3YIT3DhC3QA_vZoL8;Madera-Pilar:508 x 1016 Bis:477993;0,000262;0,005161;
IfcColumn;Umblar de Bastidor este;3o4WY3YIT3DhC3QA_vZoLB;Madera-Pilar:508 x 1016 Bis:477994;0,000262;0,005161;
IfcColumn;Umblar de Bastidor este;3o4WY3YIT3DhC3QA_vZoLA;Madera-Pilar:508 x 1016 Bis:477995;0,000262;0,005161;
IfcColumn;Umblar de Bastidor este;3o4WY3YIT3DhC3QA_vZoLF;Madera-Pilar:508 x 1016 Bis:477998;0,000262;0,005161;
IfcColumn;Umblar de Bastidor este;3o4WY3YIT3DhC3QA_vZoLE;Madera-Pilar:508 x 1016 Bis:477999;0,000262;0,005161;
IfcColumn;Umblar de Bastidor este;3o4WY3YIT3DhC3QA_vZoLH;Madera-Pilar:508 x 1016 Bis:478000;0,000262;0,005161;
IfcColumn;Umblar de Bastidor este;3o4WY3YIT3DhC3QA_vZoLL;Madera-Pilar:508 x 1016 Bis:478004;0,000262;0,005161;
IfcColumn;Umblar de Bastidor este;3o4WY3YIT3DhC3QA_vZoLK;Madera-Pilar:508 x 1016 Bis:478005;0,000262;0,005161;
IfcColumn;Umblar de Bastidor este;1AETc7D1PBRQCf__YuePpR;Madera-Pilar:508 x 1016 Bis:602348;0,000262;0,005161;
IfcColumn;Umblar de Bastidor este;3hGbOGFPjDzRTkFr7wI2tK;Madera-Pilar:508 x 1016 Bis:604073;0,000262;0,005161;0,000262
IfcColumn;Umblar de Bastidor este;3hGbOGFPjDzRTkFr7wI2t8;Madera-Pilar:508 x 1016 Bis:604085;0,000262;0,005161;
IfcColumn;Umblar de Bastidor este;3hGbOGFPjDzRTkFr7wI2A0;Madera-Pilar:508 x 1016 Bis:604413;0,000262;0,005161;
IfcColumn;Umblar de Bastidor este;31U69hZCLDCAqgchQc3m3I;Madera-Pilar:508 x 1016 Bis:721023;0,000262;0,005161;
IfcColumn;Umblar de Bastidor este;11hGI9g8T8Dge2YVoD1dF5;Madera-Pilar:508 x 1016 Bis:730474;0,000262;0,005161;
IfcColumn;Umblar de Bastidor este;31CVGmJljB$9y9FcpjqwI$;Madera-Pilar:508 x 1016 Bis:742886;0,000262;0,005161;
IfcColumn;Umblar de Bastidor este;2vmqESjFX7AQXpuvOj9rTo;Madera-Pilar:508 x 1016 Bis:754968;0,000262;0,005161;0,000262
IfcColumn;Umblar de Bastidor este;2vmqESjFX7AQXpuvOj9rzi;Madera-Pilar:508 x 1016 Bis:756998;0,000262;0,005161;
IfcColumn;Umblar de Bastidor este;2Fx1YQ7bT3HeEfpnG$IQ31;Madera-Pilar:508 x 1016 Bis:761129;0,000262;0,005161;
IfcColumn;Umblar de Bastidor este;2vTlNdHrH2jOmEIC6Vakcn;Madera-Pilar:508 x 1016 Bis:774943;0,000262;0,005161;0,000262
IfcColumn;Umblar de Bastidor este;2vTlNdHrH2jOmEIC6VakdT;Madera-Pilar:508 x 1016 Bis:775027;0,000262;0,005161;
IfcColumn;Umblar de Bastidor este;0M74zrrYLEAByWafYnjOTD;Madera-Pilar:508 x 1016 Bis:778101;0,000262;0,005161;
IfcColumn;Umblar de Bastidor este;0M74zrrYLEAByWafYnjOUm;Madera-Pilar:508 x 1016 Bis:778120;0,000262;0,005161;
IfcColumn;Umblar de Bastidor este;0M74zrrYLEAByWafYnjRrx;Madera-Pilar:508 x 1016 Bis:779587;0,000262;0,005161;
IfcColumn;Umblar de Bastidor este;1375eEeY5DAPHpwHtkVa8z;Madera-Pilar:508 x 1016 Bis:798726;0,000262;0,005161;
IfcColumn;Umblar de Bastidor este;1375eEeY5DAPHpwHtkVa8h;Madera-Pilar:508 x 1016 Bis:798736;0,000262;0,005161;
IfcColumn;Umblar de Bastidor este;3Nc8k3oVLENBa_mp6UH4BP;Madera-Pilar:508 x 1016 Bis:803148;0,000262;0,005161;
IfcColumn;Umblar de Bastidor este;2D_MstZEL04Rg$J6DzINPb;Madera-Pilar:508 x 1016 Bis:838493;0,000262;0,005161;
IfcColumn;Umblar de Bastidor este;1oDoWiI5XAsBFQurzqz2kN;Madera-Pilar:508 x 1016 Bis:844701;0,000262;0,005161;
IfcColumn;Umblar de Bastidor este;1oDoWiI5XAsBFQurzqz2mf;Madera-Pilar:508 x 1016 Bis:844835;0,000262;0,005161;
IfcColumn;Umblar de Bastidor este;1oDoWiI5XAsBFQurzqz2mb;Madera-Pilar:508 x 1016 Bis:844847;0,000262;0,005161;
IfcColumn;Umblar de Bastidor este;1XyRjTmDTBrRNW_y_fHU3J;Madera-Pilar:508 x 1016:727060;0,000262;0,005161;0,000262
IfcColumn;Umblar de Bastidor este;1tgHqkfxHEbPVIsTAcvvOK;Madera-Pilar:508 x 1016:852306;0,000262;0,005161;0,000262
IfcColumn;Umblar de Bastidor este;3o4WY3YIT3DhC3QA_vZq7l;Madera-Pilar:508 x 1016:470926;0,000262;0,005161;0,000262
IfcColumn;Umblar de Bastidor este;3o4WY3YIT3DhC3QA_vZpBD;Madera-Pilar:508 x 1016 Bis:482476;0,000262;0,005161;0,000262
IfcColumn;Umblar de Bastidor este;3o4WY3YIT3DhC3QA_vZpBG;Madera-Pilar:508 x 1016 Bis:482481;0,000262;0,005161;0,000262
IfcColumn;Umblar de Bastidor este;1tgHqkfxHEbPVIsTAcvvOG;Madera-Pilar:508 x 1016:852310;0,000262;0,005161;0,000262
IfcColumn;Umblar de Bastidor este;1tgHqkfxHEbPVIsTAcvcZ7;Madera-Pilar:508 x 1016:851841;0,000262;0,005161;0,000262
IfcColumn;Umblar de Bastidor este;3o4WY3YIT3DhC3QA_vZpBE;Madera-Pilar:508 x 1016 Bis:482479;0,000262;0,005161;0,000262
IfcColumn;Umblar de Bastidor este;3o4WY3YIT3DhC3QA_vZq7i;Madera-Pilar:508 x 1016:470925;0,000262;0,005161;0,000262
IfcColumn;Umblar de Bastidor este;3o4WY3YIT3DhC3QA_vZpBC;Madera-Pilar:508 x 1016 Bis:482477;0,000262;0,005161;0,000262
IfcColumn;Umblar de Bastidor este;3hGbOGFPjDzRTkFr7wI2vi;Madera-Pilar:508 x 1016 Bis:603153;0,000262;0,005161;0,000262
IfcColumn;Umblar de Bastidor este;3o4WY3YIT3DhC3QA_vZp$A;Madera-Pilar:508 x 1016:479659;0,000262;0,005161;0,000262
IfcColumn;Umblar de Bastidor este;3o4WY3YIT3DhC3QA_vZoto;Madera-Pilar:508 x 1016:476051;0,000262;0,005161;0,000262
IfcColumn;Umblar de Bastidor este;3o4WY3YIT3DhC3QA_vZp$J;Madera-Pilar:508 x 1016:479666;0,000262;0,005161;0,000262
IfcColumn;Umblar de Bastidor este;3o4WY3YIT3DhC3QA_vZpBF;Madera-Pilar:508 x 1016 Bis:482478;0,000262;0,005161;0,000262
IfcColumn;Umblar de Bastidor este;1375eEeY5DAPHpwHtkVboC;Madera-Pilar:508 x 1016:798391;0,000262;0,005161;0,000262
IfcColumn;Umblar de Bastidor este;3o4WY3YIT3DhC3QA_vZt4_;Madera-Pilar:508 x 1016:466783;0,000262;0,005161;0,000262
IfcColumn;Umblar de Bastidor este;3o4WY3YIT3DhC3QA_vZoth;Madera-Pilar:508 x 1016:476042;0,000262;0,005161;0,000262
IfcColumn;Umblar de Bastidor este;3o4WY3YIT3DhC3QA_vZoti;Madera-Pilar:508 x 1016:476045;0,000262;0,005161;0,000262
IfcColumn;Umblar de Bastidor este;3o4WY3YIT3DhC3QA_vZotn;Madera-Pilar:508 x 1016:476048;0,000262;0,005161;0,000262
IfcColumn;Umblar de Bastidor este;3o4WY3YIT3DhC3QA_vZotm;Madera-Pilar:508 x 1016:476049;0,000262;0,005161;0,000262
IfcColumn;Umblar de Bastidor este;3o4WY3YIT3DhC3QA_vZp$D;Madera-Pilar:508 x 1016:479660;0,000262;0,005161;0,000262
IfcColumn;Umblar de Bastidor este;3hGbOGFPjDzRTkFr7wI5$D;Madera-Pilar:508 x 1016:607664;0,000262;0,005161;0,000262
IfcColumn;Umblar de Bastidor este;1oDoWiI5XAsBFQurzqz2Wv;Madera-Pilar:508 x 1016:843827;0,000262;0,005161;0,000262
IfcColumn;Umblar de Bastidor este;1oDoWiI5XAsBFQurzqz2c0;Madera-Pilar:508 x 1016:844170;0,000262;0,005161;0,000262
IfcColumn;Umblar de Bastidor este;1oDoWiI5XAsBFQurzqz2d$;Madera-Pilar:508 x 1016:844277;0,000262;0,005161;0,000262
IfcColumn;Umblar de Bastidor este;3o4WY3YIT3DhC3QA_vZp$H;Madera-Pilar:508 x 1016:479664;0,000262;0,005161;0,000262
IfcColumn;Umblar de Bastidor este;3hGbOGFPjDzRTkFr7wI5$2;Madera-Pilar:508 x 1016:607679;0,000262;0,005161;0,000262
IfcColumn;Umblar de Bastidor este;1a8P5_QNH6xPtC01N1VzKm;Madera-Pilar:508 x 1016:789087;0,000262;0,005161;0,000262
IfcColumn;Umblar de Bastidor este;3o4WY3YIT3DhC3QA_vZots;Madera-Pilar:508 x 1016:476055;0,000262;0,005161;0,000262
IfcColumn;Umblar de Bastidor este;3o4WY3YIT3DhC3QA_vZotk;Madera-Pilar:508 x 1016:476047;0,000262;0,005161;0,000262
IfcColumn;Umblar de Bastidor este;3o4WY3YIT3DhC3QA_vZott;Madera-Pilar:508 x 1016:476054;0,000262;0,005161;0,000262
IfcColumn;Umblar de Bastidor este;2Fx1YQ7bT3HeEfpnG$IQ10;Madera-Pilar:508 x 1016 Bis:761256;0,000262;0,005161;0,000262
IfcColumn;Umblar de Bastidor este;2vmqESjFX7AQXpuvOj9wFj;Madera-Pilar:508 x 1016 Bis:749959;0,000262;0,005161;0,000262
IfcColumn;Umblar de Bastidor este;3Nc8k3oVLENBa_mp6UH4b5;Madera-Pilar:508 x 1016:805584;0,000262;0,005161;0,000262
IfcColumn;Umblar de Bastidor este;3o4WY3YIT3DhC3QA_vZoLN;Madera-Pilar:508 x 1016 Bis:478006;0,000262;0,005161;0,000262
IfcColumn;Umblar de Bastidor este;3o4WY3YIT3DhC3QA_vZoR1;Madera-Pilar:508 x 762 Bis:477344;0,000197;0,003871;0,000197
IfcColumn;Umblar de Bastidor este;0M74zrrYLEAByWafYnjOHy;Madera-Pilar:508 x 762 Bis:777284;0,000197;0,003871;0,000197
IfcColumn;Umblar de Bastidor este;017IcDgrb8e9Yrvar4Ei71;Madera-Pilar:508 x 762 Bis:462551;0,000197;0,003871;0,000197
IfcColumn;Umblar de Bastidor este;3o4WY3YIT3DhC3QA_vZooN;Madera-Pilar:508 x 762:475894;0,000197;0,003871;0,000197
IfcColumn;Umblar de Bastidor este;3o4WY3YIT3DhC3QA_vZoR0;Madera-Pilar:508 x 762 Bis:477345;0,000197;0,003871;0,000197
IfcColumn;Umblar de Bastidor este;2vTlNdHrH2jOmEIC6Vakcc;Madera-Pilar:508 x 762 Bis:774920;0,000197;0,003871;0,000197
IfcColumn;Umblar de Bastidor este;3o4WY3YIT3DhC3QA_vZptk;Madera-Pilar:508 x 762:480143;0,000197;0,003871;0,000197
IfcColumn;Umblar de Bastidor este;3o4WY3YIT3DhC3QA_vZooM;Madera-Pilar:508 x 762:475895;0,000197;0,003871;0,000197
IfcColumn;Umblar de Bastidor este;1a8P5_QNH6xPtC01N1VzJo;Madera-Pilar:508 x 762:789405;0,000197;0,003871;0,000197
IfcColumn;Umblar de Bastidor este;2vmqESjFX7AQXpuvOj9rzl;Madera-Pilar:508 x 762 Bis:756997;0,000197;0,003871;0,000197
IfcColumn;Umblar de Bastidor este;2vmqESjFX7AQXpuvOj9rTz;Madera-Pilar:508 x 762 Bis:754967;0,000197;0,003871;0,000197
IfcColumn;Umblar de Bastidor este;3o4WY3YIT3DhC3QA_vZpN0;Madera-Pilar:508 x 762 Bis:482209;0,000197;0,003871;0,000197
IfcColumn;Umblar de Bastidor este;3o4WY3YIT3DhC3QA_vZpN2;Madera-Pilar:508 x 762 Bis:482211;0,000197;0,003871;0,000197
IfcColumn;Umblar de Bastidor este;3o4WY3YIT3DhC3QA_vZrHa;Madera-Pilar:508 x 762 Bis:473605;0,000197;0,003871;0,000197
IfcColumn;Umblar de Bastidor este;3o4WY3YIT3DhC3QA_vZpN6;Madera-Pilar:508 x 762 Bis:482215;0,000197;0,003871;0,000197
IfcColumn;Umblar de Bastidor este;3o4WY3YIT3DhC3QA_vZq0m;Madera-Pilar:508 x 762:470609;0,000197;0,003871;0,000197
IfcColumn;Umblar de Bastidor este;3o4WY3YIT3DhC3QA_vZpN$;Madera-Pilar:508 x 762 Bis:482206;0,000197;0,003871;0,000197
IfcColumn;Umblar de Bastidor este;3o4WY3YIT3DhC3QA_vZpN1;Madera-Pilar:508 x 762 Bis:482208;0,000197;0,003871;0,000197
IfcColumn;Umblar de Bastidor este;1tgHqkfxHEbPVIsTAcvcZ6;Madera-Pilar:508 x 762:851840;0,000197;0,003871;0,000197
IfcColumn;Umblar de Bastidor este;3o4WY3YIT3DhC3QA_vZpN_;Madera-Pilar:508 x 762 Bis:482207;0,000197;0,003871;0,000197
IfcColumn;Umblar de Bastidor este;1tgHqkfxHEbPVIsTAcvvOJ;Madera-Pilar:508 x 762:852309;0,000197;0,003871;0,000197
IfcColumn;Umblar de Bastidor este;1XyRjTmDTBrRNW_y_fHU$i;Madera-Pilar:508 x 762:726827;0,000197;0,003871;0,000197
IfcColumn;Umblar de Bastidor este;3o4WY3YIT3DhC3QA_vZpN3;Madera-Pilar:508 x 762 Bis:482210;0,000197;0,003871;0,000197
IfcColumn;Umblar de Bastidor este;3o4WY3YIT3DhC3QA_vZoR4;Madera-Pilar:508 x 762 Bis:477349;0,000197;0,003871;0,000197
IfcColumn;Umblar de Bastidor este;3o4WY3YIT3DhC3QA_vZoR7;Madera-Pilar:508 x 762 Bis:477350;0,000197;0,003871;
IfcColumn;Umblar de Bastidor este;3o4WY3YIT3DhC3QA_vZoR6;Madera-Pilar:508 x 762 Bis:477351;0,000197;0,003871;
IfcColumn;Umblar de Bastidor este;3o4WY3YIT3DhC3QA_vZoR9;Madera-Pilar:508 x 762 Bis:477352;0,000197;0,003871;
IfcColumn;Umblar de Bastidor este;3o4WY3YIT3DhC3QA_vZoR8;Madera-Pilar:508 x 762 Bis:477353;0,000197;0,003871;
IfcColumn;Umblar de Bastidor este;3o4WY3YIT3DhC3QA_vZoRB;Madera-Pilar:508 x 762 Bis:477354;0,000197;0,003871;
IfcColumn;Umblar de Bastidor este;3o4WY3YIT3DhC3QA_vZoRA;Madera-Pilar:508 x 762 Bis:477355;0,000197;0,003871;
IfcColumn;Umblar de Bastidor este;3o4WY3YIT3DhC3QA_vZoRF;Madera-Pilar:508 x 762 Bis:477358;0,000197;0,003871;
IfcColumn;Umblar de Bastidor este;3o4WY3YIT3DhC3QA_vZoRE;Madera-Pilar:508 x 762 Bis:477359;0,000197;0,003871;
IfcColumn;Umblar de Bastidor este;3o4WY3YIT3DhC3QA_vZpNy;Madera-Pilar:508 x 762 Bis:482205;0,000197;0,003871;0,000197
IfcColumn;Umblar de Bastidor este;2CHu75xVrEVfty8x$BTxo4;Madera-Pilar:508 x 762 Bis:827708;0,000197;0,003871;0,000197
IfcColumn;Umblar de Bastidor este;2D_MstZEL04Rg$J6DzINQg;Madera-Pilar:508 x 762:838546;0,000197;0,003871;0,000197
IfcColumn;Umblar de Bastidor este;1tgHqkfxHEbPVIsTAcvvON;Madera-Pilar:508 x 762:852305;0,000197;0,003871;0,000197
IfcColumn;Umblar de Bastidor este;3o4WY3YIT3DhC3QA_vZq0o;Madera-Pilar:508 x 762:470611;0,000197;0,003871;0,000197
IfcColumn;Umblar de Bastidor este;1tgHqkfxHEbPVIsTAcvcYI;Madera-Pilar:508 x 762:851924;0,000197;0,003871;0,000197
IfcColumn;Umblar de Bastidor este;3o4WY3YIT3DhC3QA_vZorZ;Madera-Pilar:508 x 762:475906;0,000197;0,003871;0,000197
IfcColumn;Umblar de Bastidor este;11hGI9g8T8Dge2YVoD1dF6;Madera-Pilar:508 x 762 Bis:730473;0,000197;0,003871;0,000197
IfcColumn;Umblar de Bastidor este;2D_MstZEL04Rg$J6DzINJE;Madera-Pilar:508 x 762 Bis:838134;0,000197;0,003871;0,000197
IfcColumn;Umblar de Bastidor este;2D_MstZEL04Rg$J6DzINTd;Madera-Pilar:508 x 762 Bis:838239;0,000197;0,003871;0,000197
IfcColumn;Umblar de Bastidor este;3o4WY3YIT3DhC3QA_vZpN5;Madera-Pilar:508 x 762 Bis:482212;0,000197;0,003871;0,000197
IfcColumn;Umblar de Bastidor este;2D_MstZEL04Rg$J6DzINZA;Madera-Pilar:508 x 762 Bis:837106;0,000197;0,003871;0,000197
IfcColumn;Umblar de Bastidor este;3o4WY3YIT3DhC3QA_vZoRL;Madera-Pilar:508 x 762 Bis:477364;0,000197;0,003871;0,000197
IfcColumn;Umblar de Bastidor este;3o4WY3YIT3DhC3QA_vZptr;Madera-Pilar:508 x 762:480148;0,000197;0,003871;0,000197
IfcColumn;Umblar de Bastidor este;2UPZHC5AL21BMX$edrrpBJ;Madera-Pilar:508 x 762:812439;0,000197;0,003871;0,000197
IfcColumn;Umblar de Bastidor este;2UPZHC5AL21BMX$edrroCV;Madera-Pilar:508 x 762:816219;0,000197;0,003871;0,000197
IfcColumn;Umblar de Bastidor este;1oDoWiI5XAsBFQurzqz2f_;Madera-Pilar:508 x 762:844404;0,000197;0,003871;0,000197
IfcColumn;Umblar de Bastidor este;0JcdXlDaH1Vf6_J4jYAKM7;Madera-Pilar:508 x 762 Bis:773038;0,000197;0,003871;0,000197
IfcColumn;Umblar de Bastidor este;017IcDgrb8e9Yrvar4Ei7F;Madera-Pilar:508 x 762 Bis:462553;0,000197;0,003871;0,000197
IfcColumn;Umblar de Bastidor este;3o4WY3YIT3DhC3QA_vZq0p;Madera-Pilar:508 x 762:470610;0,000197;0,003871;0,000197
IfcColumn;Umblar de Bastidor este;3o4WY3YIT3DhC3QA_vZooR;Madera-Pilar:508 x 762:475898;0,000197;0,003871;0,000197
IfcColumn;Umblar de Bastidor este;3o4WY3YIT3DhC3QA_vZoR3;Madera-Pilar:508 x 762 Bis:477346;0,000197;0,003871;0,000197
IfcColumn;Umblar de Bastidor este;3o4WY3YIT3DhC3QA_vZoRH;Madera-Pilar:508 x 762 Bis:477360;0,000197;0,003871;0,000197
IfcColumn;Umblar de Bastidor este;3o4WY3YIT3DhC3QA_vZptq;Madera-Pilar:508 x 762:480149;0,000197;0,003871;0,000197
IfcColumn;Umblar de Bastidor este;3o4WY3YIT3DhC3QA_vZptt;Madera-Pilar:508 x 762:480150;0,000197;0,003871;0,000197
IfcColumn;Umblar de Bastidor este;2vmqESjFX7AQXpuvOj9w3i;Madera-Pilar:508 x 762 Bis:750214;0,000197;0,003871;0,000197
IfcColumn;Umblar de Bastidor este;0JcdXlDaH1Vf6_J4jYAKMw;Madera-Pilar:508 x 762 Bis:773011;0,000197;0,003871;0,000197
IfcColumn;Umblar de Bastidor este;2vTlNdHrH2jOmEIC6VakWX;Madera-Pilar:508 x 762 Bis:774799;0,000197;0,003871;0,000197
IfcColumn;Umblar de Bastidor este;1oDoWiI5XAsBFQurzqz2W_;Madera-Pilar:508 x 762:843828;0,000197;0,003871;0,000197
IfcColumn;Umblar de Bastidor este;3Nc8k3oVLENBa_mp6UH4BU;Madera-Pilar:508 x 762 Bis:803147;0,000197;0,003871;0,000197
IfcColumn;Umblar de Bastidor este;3o4WY3YIT3DhC3QA_vZqwi;Madera-Pilar:508 x 762:467149;0,000197;0,003871;0,000197
IfcColumn;Umblar de Bastidor este;2Fx1YQ7bT3HeEfpnG$IQ12;Madera-Pilar:508 x 762 Bis:761258;0,000197;0,003871;0,000197
IfcColumn;Umblar de Bastidor este;2UPZHC5AL21BMX$edrrpcc;Madera-Pilar:508 x 762:814818;0,000197;0,003871;0,000197
IfcColumn;Umblar de Bastidor este;1oDoWiI5XAsBFQurzqz2c1;Madera-Pilar:508 x 762:844171;0,000197;0,003871;0,000197
IfcColumn;Umblar de Bastidor este;1375eEeY5DAPHpwHtkVboD;Madera-Pilar:508 x 762:798390;0,000197;0,003871;0,000197
IfcColumn;Umblar de Bastidor este;3o4WY3YIT3DhC3QA_vZooQ;Madera-Pilar:508 x 762:475899;0,000197;0,003871;0,000197
IfcColumn;Umblar de Bastidor este;3o4WY3YIT3DhC3QA_vZooU;Madera-Pilar:508 x 762:475903;0,000197;0,003871;0,000197
IfcColumn;Umblar de Bastidor este;3o4WY3YIT3DhC3QA_vZpto;Madera-Pilar:508 x 762:480147;0,000197;0,003871;0,000197
IfcColumn;Umblar de Bastidor este;017IcDgrb8e9Yrvar4Ei74;Madera-Pilar:508 x 762 Bis:462546;0,000197;0,003871;0,000197
IfcColumn;Umblar de Bastidor este;017IcDgrb8e9Yrvar4Ei75;Madera-Pilar:508 x 762 Bis:462547;0,000197;0,003871;0,000197
IfcColumn;Umblar de Bastidor este;27PH5$VWf25ezVaOM2RmRE;Madera-Pilar:508 x 762:559002;0,000197;0,003871;0,000197
IfcColumn;Umblar de Bastidor este;3o4WY3YIT3DhC3QA_vZooS;Madera-Pilar:508 x 762:475901;0,000197;0,003871;0,000197
IfcColumn;Umblar de Bastidor este;3Nc8k3oVLENBa_mp6UH3W1;Madera-Pilar:508 x 762 Bis:801684;0,000197;0,003871;0,000197
IfcColumn;Umblar de Bastidor este;3o4WY3YIT3DhC3QA_vZora;Madera-Pilar:508 x 762:475909;0,000197;0,003871;0,000197
IfcColumn;Umblar de Bastidor este;1oDoWiI5XAsBFQurzqz2dy;Madera-Pilar:508 x 762:844278;0,000197;0,003871;0,000197
IfcColumn;Umblar de Bastidor este;3o4WY3YIT3DhC3QA_vZoRK;Madera-Pilar:508 x 762 Bis:477365;0,000197;0,003871;0,000197
IfcColumn;Umblar de Bastidor este;3o4WY3YIT3DhC3QA_vZoRN;Madera-Pilar:508 x 762 Bis:477366;0,000197;0,003871;0,000197
IfcColumn;Umblar de Bastidor este;3Nc8k3oVLENBa_mp6UH4bQ;Madera-Pilar:508 x 762:805583;0,000197;0,003871;0,000197
IfcColumn;Umblar de Bastidor este;3o4WY3YIT3DhC3QA_vZptn;Madera-Pilar:508 x 762:480144;0,000197;0,003871;0,000197
IfcColumn;Umblar de Bastidor este;017IcDgrb8e9Yrvar4Ei70;Madera-Pilar:508 x 762 Bis:462550;0,000197;0,003871;0,000197
IfcColumn;Umblar de Bastidor este;3o4WY3YIT3DhC3QA_vZpti;Madera-Pilar:508 x 762:480141;0,000197;0,003871;0,000197
IfcColumn;Umblar de Bastidor este;2Fx1YQ7bT3HeEfpnG$IQ30;Madera-Pilar:508 x 762 Bis:761128;0,000197;0,003871;0,000197
IfcSlab;(sin nivel);1QghEwSoPF9xBA9fMBsdGg;Cubierta básica:Chapa acanalada pre pintada c-25:682116;0,315370;63,134867;0,315370
IfcSlab;(sin nivel);1QghEwSoPF9xBA9fMBsdMk;Cubierta básica:Chapa acanalada pre pintada c-25:682240;0,162510;32,534889;0,162510
IfcSlab;(sin nivel);2jRAorw6j8Qx4nQBc9Yqzr;Cubierta básica:Machimbre:647218;0,157685;63,104463;0,157685
IfcSlab;(sin nivel);27PH5$VWf25ezVcOM2R$g6;Cubierta básica:Machimbre:555986;0,149837;59,965310;0,149837
IfcSlab;(sin nivel);2blSFVklTC5hPBE2l7jDYD;Cubierta básica:Machimbre:585526;0,081255;32,518402;0,081255
IfcSlab;(sin nivel);2jRAorw6j8Qx4nQBc9Yqz_;Cubierta básica:Machimbre:647225;0,081255;32,518402;0,081255
IfcSlab;Altura Bastidor Oeste;39dc43MqP1A8rbKKP89eXQ;Suelo:Tapa Canto Horizontal:823475;0,005229;0,290500;0,005229
IfcSlab;Altura Bastidor Oeste;1tgHqkfxHEbPVIqT2cvcxy;Suelo:Tapa Canto Horizontal:850362;0,005088;0,282660;0,005088
IfcSlab;Altura Bastidor Oeste;39dc43MqP1A8rbKKP89eXo;Suelo:Tapa Canto Horizontal:823451;0,004407;0,244851;0,004407
IfcSlab;Corta fuegos inf;2P1S7tZ5jAZwV_yzGZLCMb;Suelo:Tapa Canto Horizontal:821014;0,008186;0,454803;0,008186
IfcSlab;Corta fuegos inf;2P1S7tZ5jAZwV_yzGZLCHL;Suelo:Tapa Canto Horizontal:820966;0,005992;0,332885;0,005992
IfcSlab;Corta fuegos inf;2P1S7tZ5jAZwV_yzGZLCGZ;Suelo:Tapa Canto Horizontal:820880;0,005670;0,315000;0,005670
IfcSlab;Corta fuegos inf;1tgHqkfxHEbPVIqT2cvcr6;Suelo:Tapa Canto Horizontal:850432;0,004221;0,234500;0,004221
IfcSlab;Corta fuegos inf;2P1S7tZ5jAZwV_yzGZLCHs;Suelo:Tapa Canto Horizontal:820933;0,002520;0,140000;0,002520
IfcSlab;Dintel Bastido Sur;2P1S7tZ5jAZwV_yzGZLCKQ;Suelo:Tapa Canto Horizontal:821161;0,008186;0,454803;0,008186
IfcSlab;Dintel Bastido Sur;2P1S7tZ5jAZwV_yzGZLCNG;Suelo:Tapa Canto Horizontal:821091;0,006537;0,363160;0,006537
IfcSlab;Dintel Bastido Sur;2P1S7tZ5jAZwV_yzGZLCLf;Suelo:Tapa Canto Horizontal:821210;0,005992;0,332885;0,005992
IfcSlab;Dintel Bastido Sur;2P1S7tZ5jAZwV_yzGZLCgz;Suelo:Tapa Canto Horizontal:821262;0,002520;0,140000;0,002520
IfcSlab;Dintel Bastidor este;1QxNnJv5b1sfWhLo_NL9e5;Suelo:Tapa Canto Horizontal:785289;0,008767;0,487060;0,008767
IfcSlab;Dintel Bastidor este;1QxNnJv5b1sfWhLo_NL9sG;Suelo:Tapa Canto Horizontal:785436;0,008757;0,486500;0,008757
IfcSlab;Dintel Bastidor este;2$aBpdm5zBQAWwQa9pJlQ8;Suelo:Tapa Canto Horizontal:822019;0,008755;0,486408;0,008755
IfcSlab;Fenolico Piso (PARA LAMINA);3j1_oY$g91J8V9gcMpuMKn;Suelo:18:608841;1,242412;69,022916;1,242412
IfcSlab;Fenolico Piso (PARA LAMINA);3j1_oY$g91J8V9gcMpuNcg;Suelo:Contrapiso baño:612050;0,296380;7,778997;0,296380
IfcSlab;Umblar de Bastidor este;1QxNnJv5b1sfWhLo_NL9eb;Suelo:Tapa Canto Horizontal:785321;0,008757;0,486500;0,008757
IfcSlab;Umblar de Bastidor este;1QxNnJv5b1sfWhLo_NL9fn;Suelo:Tapa Canto Horizontal:785405;0,008757;0,486500;0,008757
IfcSlab;Umblar de Bastidor este;1QxNnJv5b1sfWhLo_NL9ha;Suelo:Tapa Canto Horizontal:785256;0,008641;0,480077;0,008641
IfcSlab;Umblar de Bastidor este;1tgHqkfxHEbPVIqT2cvcjr;Suelo:Tapa Canto Horizontal:850995;0,005783;0,321300;0,005783
IfcSlab;Umblar de Bastidor este;1oDoWiI5XAsBFQwrrqz225;Suelo:Tapa Canto Horizontal:845967;0,004407;0,244851;0,004407
IfcWall;Altura Bastidor Oeste;3lCI5TGVr0lPld4nEaENMI;Muro básico:Exterior chapa:670545;0,000407;0,099188;0,412680
IfcWall;Altura de viga inferior;3lCI5TGVr0lPld4nsaENMI;Muro básico:Exterior chapa:670545;0,002031;0,139880;0,412680
IfcWall;Altura de viga inferior;3lCI5TGVr0lPld4nsaENO8;Muro básico:Exterior chapa:669899;0,001584;0,088024;0,225499
IfcWall;Altura de viga inferior;3lCI5TGVr0lPld4nsaENiz;Muro básico:Exterior chapa:669182;0,001557;0,086510;0,191489
IfcWall;Corta fuego Sup;3lCI5TGVr0lPld4nAaENMI;Muro básico:Exterior chapa:670545;0,004598;0,255447;0,412680
IfcWall;Corta fuego Sup;3lCI5TGVr0lPld4nAaENO8;Muro básico:Exterior chapa:669899;0,003722;0,206802;0,225499
IfcWall;Corta fuego central;3lCI5TGVr0lPld4n6aENHI;Muro básico:Exterior chapa:670353;0,032688;1,816013;0,292078
IfcWall;Corta fuego central;3lCI5TGVr0lPld4n6aENMI;Muro básico:Exterior chapa:670545;0,029093;1,616270;0,412680
IfcWall;Corta fuego central;3lCI5TGVr0lPld4n6aENdI;Muro básico:Exterior chapa:669457;0,020894;1,160755;0,348692
IfcWall;Corta fuego central;3lCI5TGVr0lPld4n6aENO8;Muro básico:Exterior chapa:669899;0,016600;0,922214;0,225499
IfcWall;Corta fuego central;3lCI5TGVr0lPld4n6aENeZ;Muro básico:Exterior chapa:668896;0,014597;0,810931;0,135128
IfcWall;Corta fuego central;3lCI5TGVr0lPld4n6aENiz;Muro básico:Exterior chapa:669182;0,014230;0,790528;0,191489
IfcWall;Corta fuego cumbrera;3lCI5TGVr0lPld4nwaENdI;Muro básico:Exterior chapa:669457;0,080149;4,452714;0,348692
IfcWall;Corta fuego cumbrera;3lCI5TGVr0lPld4nwaENMI;Muro básico:Exterior chapa:670545;0,035307;1,961502;0,412680
IfcWall;Corta fuego cumbrera;3lCI5TGVr0lPld4nwaENO8;Muro básico:Exterior chapa:669899;0,018231;1,012829;0,225499
IfcWall;Corta fuego cumbrera;3lCI5TGVr0lPld4nwaENiz;Muro básico:Exterior chapa:669182;0,017075;0,948596;0,191489
IfcWall;Corta fuegos 0.12;3lCI5TGVr0lPld4noaENMI;Muro básico:Exterior chapa:670545;0,010724;0,595760;0,412680
IfcWall;Corta fuegos 0.12;3lCI5TGVr0lPld4noaENO8;Muro básico:Exterior chapa:669899;0,005409;0,300508;0,225499
IfcWall;Corta fuegos 0.12;3lCI5TGVr0lPld4noaENiz;Muro básico:Exterior chapa:669182;0,005311;0,295069;0,191489
IfcWall;Corta fuegos inf;3lCI5TGVr0lPld4nQaENMI;Muro básico:Exterior chapa:670545;0,089955;4,997519;0,412680
IfcWall;Corta fuegos inf;3lCI5TGVr0lPld4nQaENHI;Muro básico:Exterior chapa:670353;0,088696;4,927531;0,292078
IfcWall;Corta fuegos inf;3lCI5TGVr0lPld4nQaENdI;Muro básico:Exterior chapa:669457;0,063660;3,536676;0,348692
IfcWall;Corta fuegos inf;3lCI5TGVr0lPld4nQaENO8;Muro básico:Exterior chapa:669899;0,050578;2,809872;0,225499
IfcWall;Corta fuegos inf;3lCI5TGVr0lPld4nQaENeZ;Muro básico:Exterior chapa:668896;0,044475;2,470806;0,135128
IfcWall;Corta fuegos inf;3lCI5TGVr0lPld4nQaENiz;Muro básico:Exterior chapa:669182;0,043356;2,408640;0,191489
IfcWall;Dintel Bastido Sur;3lCI5TGVr0lPld4n_aENMI;Muro básico:Exterior chapa:670545;0,072937;4,052061;0,412680
IfcWall;Dintel Bastido Sur;3lCI5TGVr0lPld4n_aENO8;Muro básico:Exterior chapa:669899;0,036891;2,049525;0,225499
IfcWall;Dintel Bastido Sur;3lCI5TGVr0lPld4n_aENiz;Muro básico:Exterior chapa:669182;0,036023;2,001290;0,191489
IfcWall;Dintel Bastidor este;3lCI5TGVr0lPld4n2aENMI;Muro básico:Exterior chapa:670545;0,040042;2,224565;0,412680
IfcWall;Dintel Bastidor este;3lCI5TGVr0lPld4n2aENdI;Muro básico:Exterior chapa:669457;0,035709;1,983820;0,348692
IfcWall;Dintel Bastidor este;3lCI5TGVr0lPld4n2aENO8;Muro básico:Exterior chapa:669899;0,027271;1,515059;0,225499
IfcWall;Dintel Bastidor este;3lCI5TGVr0lPld4n2aENeZ;Muro básico:Exterior chapa:668896;0,024493;1,360701;0,135128
IfcWall;Dintel Bastidor este;3lCI5TGVr0lPld4n2aENiz;Muro básico:Exterior chapa:669182;0,023928;1,329306;0,191489
IfcWall;Dintel Bastidor este;3lCI5TGVr0lPld4n2aENHI;Muro básico:Exterior chapa:670353;0,019378;1,076535;0,292078
IfcWall;Dintel Bastidor este;31CVGmJljB$9y9FcljqxyQ;Muro básico:Exterior chapa:740931;0,005206;0,289216;0,024262
IfcWall;Nivel 0;3lCI5TGVr0lPld4nIaENHI;Muro básico:Exterior chapa:670353;0,145000;8,055533;0,292078
IfcWall;Nivel 0;3lCI5TGVr0lPld4nIaENMI;Muro básico:Exterior chapa:670545;0,121265;6,736929;0,412680
IfcWall;Nivel 0;3lCI5TGVr0lPld4nIaENdI;Muro básico:Exterior chapa:669457;0,071489;3,971621;0,348692
IfcWall;Nivel 0;3lCI5TGVr0lPld4nIaENO8;Muro básico:Exterior chapa:669899;0,061587;3,421508;0,225499
IfcWall;Nivel 0;3lCI5TGVr0lPld4nIaENeZ;Muro básico:Exterior chapa:668896;0,048667;2,703738;0,135128
IfcWall;Nivel 0;3lCI5TGVr0lPld4nIaENiz;Muro básico:Exterior chapa:669182;0,043267;2,403699;0,191489
IfcWall;Nivel 0;31CVGmJljB$9y9Fc$jqxyQ;Muro básico:Exterior chapa:740931;0,007953;0,441820;0,024262
IfcWall;Umblar de Bastidor este;3lCI5TGVr0lPld4nUaENMI;Muro básico:Exterior chapa:670545;0,006321;0,351155;0,412680
IfcWall;Umblar de Bastidor este;3lCI5TGVr0lPld4nUaENHI;Muro básico:Exterior chapa:670353;0,006317;0,350938;0,292078
IfcWall;Umblar de Bastidor este;3lCI5TGVr0lPld4nUaENdI;Muro básico:Exterior chapa:669457;0,004146;0,230337;0,348692
IfcWall;Umblar de Bastidor este;3lCI5TGVr0lPld4nUaENO8;Muro básico:Exterior chapa:669899;0,003294;0,183002;0,225499
IfcWall;Umblar de Bastidor este;3lCI5TGVr0lPld4nUaENeZ;Muro básico:Exterior chapa:668896;0,002897;0,160919;0,135128
IfcWall;Umblar de Bastidor este;3lCI5TGVr0lPld4nUaENiz;Muro básico:Exterior chapa:669182;0,002824;0,156870;0,191489
IfcWallStandardCase;Altura Bastidor Oeste;3lCI5TGVr0lPld4nEaEMC$;Muro básico:interior 18:667132;0,000717;0,174884;0,000717
IfcWallStandardCase;Altura Bastidor Oeste;3lCI5TGVr0lPld4nEaEM0N;Muro básico:interior 18:667348;0,000592;0,144331;0,000592
IfcWallStandardCase;Altura Bastidor Oeste;3lCI5TGVr0lPld4nEaEMBy;Muro básico:interior 18:666687;0,000384;0,093676;0,000384
IfcWallStandardCase;Altura Bastidor Oeste;3lCI5TGVr0lPld4nEaENdI;Muro básico:Exterior chapa:669457;0,000384;0,093676;0,000384
IfcWallStandardCase;Altura Bastidor Oeste;3lCI5TGVr0lPld4nEaEMWm;Muro básico:interior 18:665331;0,000334;0,081533;0,000334
IfcWallStandardCase;Altura Bastidor Oeste;3lCI5TGVr0lPld4nEaENO8;Muro básico:Exterior chapa:669899;0,000331;0,080719;0,000331
IfcWallStandardCase;Altura Bastidor Oeste;3lCI5TGVr0lPld4nEaEMQc;Muro básico:interior 18:665701;0,000316;0,077184;0,000316
IfcWallStandardCase;Altura Bastidor Oeste;3lCI5TGVr0lPld4nEaENiz;Muro básico:Exterior chapa:669182;0,000316;0,077184;0,000316
IfcWallStandardCase;Altura Bastidor Oeste;3lCI5TGVr0lPld4nEaEMF6;Muro básico:interior 18:666885;0,000277;0,067471;0,000277
IfcWallStandardCase;Altura de viga inferior;3lCI5TGVr0lPld4nsaEMC$;Muro básico:interior 18:667132;0,017503;1,126697;0,017503
IfcWallStandardCase;Altura de viga inferior;3lCI5TGVr0lPld4nsaEM0N;Muro básico:interior 18:667348;0,002930;0,162774;0,002930
IfcWallStandardCase;Altura de viga inferior;3lCI5TGVr0lPld4nsaEMBy;Muro básico:interior 18:666687;0,001902;0,105645;0,001902
IfcWallStandardCase;Altura de viga inferior;3lCI5TGVr0lPld4nsaENdI;Muro básico:Exterior chapa:669457;0,001902;0,105645;0,001902
IfcWallStandardCase;Altura de viga inferior;3lCI5TGVr0lPld4nsaEMWm;Muro básico:interior 18:665331;0,001655;0,091951;0,001655
IfcWallStandardCase;Altura de viga inferior;3lCI5TGVr0lPld4nsaEMQc;Muro básico:interior 18:665701;0,001567;0,087046;0,001567
IfcWallStandardCase;Altura de viga inferior;3lCI5TGVr0lPld4nsaEMF6;Muro básico:interior 18:666885;0,001370;0,076093;0,001370
IfcWallStandardCase;Corta fuego Sup;3lCI5TGVr0lPld4nAaEMC$;Muro básico:interior 18:667132;0,008167;0,453728;0,008167
IfcWallStandardCase;Corta fuego Sup;3lCI5TGVr0lPld4nAaEM0N;Muro básico:interior 18:667348;0,006740;0,374459;0,006740
IfcWallStandardCase;Corta fuego Sup;3lCI5TGVr0lPld4nAaEMBy;Muro básico:interior 18:666687;0,004375;0,243036;0,004375
IfcWallStandardCase;Corta fuego Sup;3lCI5TGVr0lPld4nAaENdI;Muro básico:Exterior chapa:669457;0,004375;0,243036;0,004375
IfcWallStandardCase;Corta fuego Sup;3lCI5TGVr0lPld4nAaEMWm;Muro básico:interior 18:665331;0,003808;0,211532;0,003808
IfcWallStandardCase;Corta fuego Sup;3lCI5TGVr0lPld4nAaEMQc;Muro básico:interior 18:665701;0,003604;0,200250;0,003604
IfcWallStandardCase;Corta fuego Sup;3lCI5TGVr0lPld4nAaENiz;Muro básico:Exterior chapa:669182;0,003604;0,200250;0,003604
IfcWallStandardCase;Corta fuego Sup;3lCI5TGVr0lPld4nAaEMF6;Muro básico:interior 18:666885;0,003151;0,175050;0,003151
IfcWallStandardCase;Corta fuego central;3lCI5TGVr0lPld4n6aEMC$;Muro básico:interior 18:667132;0,044770;2,487245;0,044770
IfcWallStandardCase;Corta fuego central;3lCI5TGVr0lPld4n6aEM0N;Muro básico:interior 18:667348;0,036949;2,052710;0,036949
IfcWallStandardCase;Corta fuego central;3lCI5TGVr0lPld4n6aEMBy;Muro básico:interior 18:666687;0,023981;1,332275;0,023981
IfcWallStandardCase;Corta fuego central;3lCI5TGVr0lPld4n6aEMWm;Muro básico:interior 18:665331;0,020872;1,159578;0,020872
IfcWallStandardCase;Corta fuego central;3lCI5TGVr0lPld4n6aEMQc;Muro básico:interior 18:665701;0,019759;1,097728;0,019759
IfcWallStandardCase;Corta fuego central;3lCI5TGVr0lPld4n6aEMF6;Muro básico:interior 18:666885;0,017273;0,959590;0,017273
IfcWallStandardCase;Corta fuego central;31CVGmJljB$9y9FchjqxyQ;Muro básico:Exterior chapa:740931;0,002616;0,145306;0,002616
IfcWallStandardCase;Corta fuego central;2P1S7tZ5jAZwV__zOZLCC1;Muro básico:Tapa canto de aberturas:819634;0,001696;0,094208;0,001696
IfcWallStandardCase;Corta fuego central;1QxNnJv5b1sfWhNosNL9Zg;Muro básico:Tapa canto de aberturas:784742;0,001613;0,089600;0,001613
IfcWallStandardCase;Corta fuego central;1QxNnJv5b1sfWhNosNL9kU;Muro básico:Tapa canto de aberturas:784914;0,001613;0,089600;0,001613
IfcWallStandardCase;Corta fuego central;1QxNnJv5b1sfWhNosNL9TO;Muro básico:Tapa canto de aberturas:784084;0,001613;0,089600;0,001613
IfcWallStandardCase;Corta fuego central;3Nc8k3oVLENBa_mp6UH4BO;Muro básico:Tapa canto de aberturas:803149;0,001613;0,089600;0,001613
IfcWallStandardCase;Corta fuego central;3Nc8k3oVLENBa_mp6UH3pf;Muro básico:Tapa canto de aberturas:802684;0,001613;0,089600;0,001613
IfcWallStandardCase;Corta fuego central;2P1S7tZ5jAZwV__zOZL3sj;Muro básico:Tapa canto de aberturas:818974;0,001613;0,089600;0,001613
IfcWallStandardCase;Corta fuego central;2P1S7tZ5jAZwV__zOZLC3E;Muro básico:Tapa canto de aberturas:819837;0,001613;0,089600;0,001613
IfcWallStandardCase;Corta fuego central;2P1S7tZ5jAZwV__zOZLC7r;Muro básico:Tapa canto de aberturas:820038;0,001613;0,089600;0,001613
IfcWallStandardCase;Corta fuego central;2P1S7tZ5jAZwV__zOZLC9F;Muro básico:Tapa canto de aberturas:819452;0,001613;0,089600;0,001613
IfcWallStandardCase;Corta fuego central;0Nh3lD4nDDtvccJ2iedG8n;Muro básico:Tapa canto de aberturas:764935;0,001613;0,089600;0,001613
IfcWallStandardCase;Corta fuego central;3Nc8k3oVLENBa_mp6UH3Yh;Muro básico:Tapa canto de aberturas:801598;0,001613;0,089600;0,001613
IfcWallStandardCase;Corta fuego central;2P1S7tZ5jAZwV__zOZLCA1;Muro básico:Tapa canto de aberturas:819250;0,001613;0,089600;0,001613
IfcWallStandardCase;Corta fuego central;1tgHqkfxHEbPVIsTEcvcmR;Muro básico:Tapa canto de aberturas:850781;0,001613;0,089600;0,001613
IfcWallStandardCase;Corta fuego central;1tgHqkfxHEbPVIsTEcvcqx;Muro básico:Tapa canto de aberturas:850557;0,001613;0,089600;0,001613
IfcWallStandardCase;Corta fuego central;0Nh3lD4nDDtvccJ2qedGZz;Muro básico:Tapa canto de aberturas:763595;0,001613;0,089600;0,001613
IfcWallStandardCase;Corta fuego central;2JaWnKotn25hPqpgcMpqG0;Muro básico:Tapa canto de aberturas:840230;0,001613;0,089600;0,001613
IfcWallStandardCase;Corta fuego central;1hVl$hSxP07xUYMPe4VdEs;Muro básico:Tapa canto de aberturas:833741;0,001499;0,083300;0,001499
IfcWallStandardCase;Corta fuego cumbrera;3lCI5TGVr0lPld4nwaEMBy;Muro básico:interior 18:666687;0,083256;4,642323;0,083256
IfcWallStandardCase;Corta fuego cumbrera;3lCI5TGVr0lPld4nwaEM0N;Muro básico:interior 18:667348;0,035888;1,993783;0,035888
IfcWallStandardCase;Corta fuego cumbrera;3lCI5TGVr0lPld4nwaEMQc;Muro básico:interior 18:665701;0,022637;1,257587;0,022637
IfcWallStandardCase;Corta fuego cumbrera;3lCI5TGVr0lPld4nwaEMF6;Muro básico:interior 18:666885;0,013252;0,736196;0,013252
IfcWallStandardCase;Corta fuegos 0.12;3lCI5TGVr0lPld4noaEM0N;Muro básico:interior 18:667348;0,010303;0,572399;0,010303
IfcWallStandardCase;Corta fuegos 0.12;3lCI5TGVr0lPld4noaEMWm;Muro básico:interior 18:665331;0,009524;0,601079;0,009524
IfcWallStandardCase;Corta fuegos 0.12;3lCI5TGVr0lPld4noaEMBy;Muro básico:interior 18:666687;0,006687;0,371506;0,006687
IfcWallStandardCase;Corta fuegos 0.12;3lCI5TGVr0lPld4noaENdI;Muro básico:Exterior chapa:669457;0,006687;0,371506;0,006687
IfcWallStandardCase;Corta fuegos 0.12;3lCI5TGVr0lPld4noaEMQc;Muro básico:interior 18:665701;0,005510;0,306102;0,005510
IfcWallStandardCase;Corta fuegos 0.12;3lCI5TGVr0lPld4noaEMF6;Muro básico:interior 18:666885;0,004816;0,267582;0,004816
IfcWallStandardCase;Corta fuegos inf;3lCI5TGVr0lPld4nQaEMC$;Muro básico:interior 18:667132;0,136410;7,578324;0,136410
IfcWallStandardCase;Corta fuegos inf;3lCI5TGVr0lPld4nQaEM0N;Muro básico:interior 18:667348;0,112578;6,254352;0,112578
IfcWallStandardCase;Corta fuegos inf;3lCI5TGVr0lPld4nQaEMBy;Muro básico:interior 18:666687;0,073067;4,059276;0,073067
IfcWallStandardCase;Corta fuegos inf;3lCI5TGVr0lPld4nQaEMWm;Muro básico:interior 18:665331;0,063596;3,533088;0,063596
IfcWallStandardCase;Corta fuegos inf;3lCI5TGVr0lPld4nQaEMQc;Muro básico:interior 18:665701;0,060204;3,344640;0,060204
IfcWallStandardCase;Corta fuegos inf;3lCI5TGVr0lPld4nQaEMF6;Muro básico:interior 18:666885;0,052628;2,923752;0,052628
IfcWallStandardCase;Corta fuegos inf;31CVGmJljB$9y9FctjqxyQ;Muro básico:Exterior chapa:740931;0,007969;0,442728;0,007969
IfcWallStandardCase;Corta fuegos inf;0Nh3lD4nDDtvccJ2WedG8n;Muro básico:Tapa canto de aberturas:764935;0,007741;0,430045;0,007741
IfcWallStandardCase;Corta fuegos inf;3Nc8k3oVLENBa_mpAUH3Yh;Muro básico:Tapa canto de aberturas:801598;0,007741;0,430045;0,007741
IfcWallStandardCase;Corta fuegos inf;2P1S7tZ5jAZwV__zKZLCC1;Muro básico:Tapa canto de aberturas:819634;0,005167;0,287040;0,005167
IfcWallStandardCase;Corta fuegos inf;1QxNnJv5b1sfWhNowNL9kU;Muro básico:Tapa canto de aberturas:784914;0,004914;0,273000;0,004914
IfcWallStandardCase;Corta fuegos inf;1QxNnJv5b1sfWhNowNL9Zg;Muro básico:Tapa canto de aberturas:784742;0,004914;0,273000;0,004914
IfcWallStandardCase;Corta fuegos inf;1QxNnJv5b1sfWhNowNL9TO;Muro básico:Tapa canto de aberturas:784084;0,004914;0,273000;0,004914
IfcWallStandardCase;Corta fuegos inf;3Nc8k3oVLENBa_mpAUH4BO;Muro básico:Tapa canto de aberturas:803149;0,004914;0,273000;0,004914
IfcWallStandardCase;Corta fuegos inf;3Nc8k3oVLENBa_mpAUH3pf;Muro básico:Tapa canto de aberturas:802684;0,004914;0,273000;0,004914
IfcWallStandardCase;Corta fuegos inf;2P1S7tZ5jAZwV__zKZL3sj;Muro básico:Tapa canto de aberturas:818974;0,004914;0,273000;0,004914
IfcWallStandardCase;Corta fuegos inf;2P1S7tZ5jAZwV__zKZLC3E;Muro básico:Tapa canto de aberturas:819837;0,004914;0,273000;0,004914
IfcWallStandardCase;Corta fuegos inf;2P1S7tZ5jAZwV__zKZLC7r;Muro básico:Tapa canto de aberturas:820038;0,004914;0,273000;0,004914
IfcWallStandardCase;Corta fuegos inf;2P1S7tZ5jAZwV__zKZLC9F;Muro básico:Tapa canto de aberturas:819452;0,004914;0,273000;0,004914
IfcWallStandardCase;Corta fuegos inf;2P1S7tZ5jAZwV__zKZLCA1;Muro básico:Tapa canto de aberturas:819250;0,004914;0,273000;0,004914
IfcWallStandardCase;Corta fuegos inf;1tgHqkfxHEbPVIsTAcvcmR;Muro básico:Tapa canto de aberturas:850781;0,004914;0,273000;0,004914
IfcWallStandardCase;Corta fuegos inf;1tgHqkfxHEbPVIsTAcvcqx;Muro básico:Tapa canto de aberturas:850557;0,004914;0,273000;0,004914
IfcWallStandardCase;Corta fuegos inf;0Nh3lD4nDDtvccJ2eedGZz;Muro básico:Tapa canto de aberturas:763595;0,004914;0,273000;0,004914
IfcWallStandardCase;Corta fuegos inf;2JaWnKotn25hPqpgwMpqG0;Muro básico:Tapa canto de aberturas:840230;0,004914;0,273000;0,004914
IfcWallStandardCase;Corta fuegos inf;1hVl$hSxP07xUYMPa4VdEs;Muro básico:Tapa canto de aberturas:833741;0,004801;0,266700;0,004801
IfcWallStandardCase;Corta fuegos inf;2P1S7tZ5jAZwV_yzGZLC5M;Muro básico:Tapa canto de aberturas:820197;0,003057;0,169820;0,003057
IfcWallStandardCase;Corta fuegos inf;2P1S7tZ5jAZwV_yzGZLCOC;Muro básico:Tapa canto de aberturas:820415;0,003057;0,169820;0,003057
IfcWallStandardCase;Dintel Bastido Sur;3lCI5TGVr0lPld4n_aEM0N;Muro básico:interior 18:667348;0,073295;4,071947;0,073295
IfcWallStandardCase;Dintel Bastido Sur;3lCI5TGVr0lPld4n_aEMBy;Muro básico:interior 18:666687;0,059298;3,294333;0,059298
IfcWallStandardCase;Dintel Bastido Sur;3lCI5TGVr0lPld4n_aENdI;Muro básico:Exterior chapa:669457;0,059298;3,294333;0,059298
IfcWallStandardCase;Dintel Bastido Sur;3lCI5TGVr0lPld4n_aEMQc;Muro básico:interior 18:665701;0,040379;2,243263;0,040379
IfcWallStandardCase;Dintel Bastido Sur;3lCI5TGVr0lPld4n_aEMF6;Muro básico:interior 18:666885;0,032919;1,828835;0,032919
IfcWallStandardCase;Dintel Bastidor este;3lCI5TGVr0lPld4n2aEMC$;Muro básico:interior 18:667132;0,070601;3,922268;0,070601
IfcWallStandardCase;Dintel Bastidor este;3lCI5TGVr0lPld4n2aEM0N;Muro básico:interior 18:667348;0,058267;3,237028;0,058267
IfcWallStandardCase;Dintel Bastidor este;3lCI5TGVr0lPld4n2aEMBy;Muro básico:interior 18:666687;0,037817;2,100936;0,037817
IfcWallStandardCase;Dintel Bastidor este;3lCI5TGVr0lPld4n2aEMWm;Muro básico:interior 18:665331;0,032915;1,828600;0,032915
IfcWallStandardCase;Dintel Bastidor este;3lCI5TGVr0lPld4n2aEMQc;Muro básico:interior 18:665701;0,031159;1,731066;0,031159
IfcWallStandardCase;Dintel Bastidor este;3lCI5TGVr0lPld4n2aEMF6;Muro básico:interior 18:666885;0,027238;1,513229;0,027238
IfcWallStandardCase;Dintel Bastidor este;2P1S7tZ5jAZwV__zSZLCC1;Muro básico:Tapa canto de aberturas:819634;0,002945;0,163608;0,002945
IfcWallStandardCase;Dintel Bastidor este;2P1S7tZ5jAZwV__zSZL3sj;Muro básico:Tapa canto de aberturas:818974;0,002801;0,155605;0,002801
IfcWallStandardCase;Dintel Bastidor este;2P1S7tZ5jAZwV__zSZLC3E;Muro básico:Tapa canto de aberturas:819837;0,002801;0,155605;0,002801
IfcWallStandardCase;Dintel Bastidor este;2P1S7tZ5jAZwV__zSZLC7r;Muro básico:Tapa canto de aberturas:820038;0,002801;0,155605;0,002801
IfcWallStandardCase;Dintel Bastidor este;2P1S7tZ5jAZwV__zSZLC9F;Muro básico:Tapa canto de aberturas:819452;0,002801;0,155605;0,002801
IfcWallStandardCase;Dintel Bastidor este;2P1S7tZ5jAZwV__zSZLCA1;Muro básico:Tapa canto de aberturas:819250;0,002801;0,155605;0,002801
IfcWallStandardCase;Dintel Bastidor este;0Nh3lD4nDDtvccJ2eedG8n;Muro básico:Tapa canto de aberturas:764935;0,001583;0,087955;0,001583
IfcWallStandardCase;Dintel Bastidor este;3Nc8k3oVLENBa_mp2UH3Yh;Muro básico:Tapa canto de aberturas:801598;0,001583;0,087955;0,001583
IfcWallStandardCase;Dintel Bastidor este;0Nh3lD4nDDtvccJ2medGZz;Muro básico:Tapa canto de aberturas:763595;0,001583;0,087955;0,001583
IfcWallStandardCase;Dintel Bastidor este;2JaWnKotn25hPqpgYMpqG0;Muro básico:Tapa canto de aberturas:840230;0,001583;0,087955;0,001583
IfcWallStandardCase;Dintel Bastidor este;1tgHqkfxHEbPVIsTIcvcmR;Muro básico:Tapa canto de aberturas:850781;0,001470;0,081655;0,001470
IfcWallStandardCase;Dintel Bastidor este;1tgHqkfxHEbPVIsTIcvcqx;Muro básico:Tapa canto de aberturas:850557;0,001470;0,081655;0,001470
IfcWallStandardCase;Nivel 0;3lCI5TGVr0lPld4nIaEMC$;Muro básico:interior 18:667132;0,136130;7,562779;0,136130
IfcWallStandardCase;Nivel 0;3lCI5TGVr0lPld4nIaEM0N;Muro básico:interior 18:667348;0,112347;6,241523;0,112347
IfcWallStandardCase;Nivel 0;3lCI5TGVr0lPld4nIaEMBy;Muro básico:interior 18:666687;0,072917;4,050949;0,072917
IfcWallStandardCase;Nivel 0;3lCI5TGVr0lPld4nIaEMWm;Muro básico:interior 18:665331;0,063465;3,525841;0,063465
IfcWallStandardCase;Nivel 0;3lCI5TGVr0lPld4nIaEMQc;Muro básico:interior 18:665701;0,060080;3,337779;0,060080
IfcWallStandardCase;Nivel 0;3lCI5TGVr0lPld4nIaEMF6;Muro básico:interior 18:666885;0,052520;2,917755;0,052520
IfcWallStandardCase;Nivel 0;0Nh3lD4nDDtvccJ2WedGZz;Muro básico:Tapa canto de aberturas:763595;0,005224;0,290220;0,005224
IfcWallStandardCase;Nivel 0;2JaWnKotn25hPqpgoMpqG0;Muro básico:Tapa canto de aberturas:840230;0,005224;0,290220;0,005224
IfcWallStandardCase;Nivel 0;1fhlfGBLf18BKSxdhGhoZW;Muro básico:Tapa canto de aberturas:852870;0,004904;0,272440;0,004904
IfcWallStandardCase;Nivel 0;1fhlfGBLf18BKSxdhGhodO;Muro básico:Tapa canto de aberturas:852670;0,004904;0,272440;0,004904
IfcWallStandardCase;Nivel 0;1tgHqkfxHEbPVIqT2cvck2;Muro básico:Tapa canto de aberturas:851140;0,004904;0,272440;0,004904
IfcWallStandardCase;Nivel 0;1tgHqkfxHEbPVIqT2cvces;Muro básico:Tapa canto de aberturas:851312;0,004904;0,272440;0,004904
IfcWallStandardCase;Umblar de Bastidor este;3lCI5TGVr0lPld4nUaEMC$;Muro básico:interior 18:667132;0,008884;0,493563;0,008884
IfcWallStandardCase;Umblar de Bastidor este;3lCI5TGVr0lPld4nUaEM0N;Muro básico:interior 18:667348;0,007332;0,407335;0,007332
IfcWallStandardCase;Umblar de Bastidor este;3lCI5TGVr0lPld4nUaEMBy;Muro básico:interior 18:666687;0,004759;0,264373;0,004759
IfcWallStandardCase;Umblar de Bastidor este;3lCI5TGVr0lPld4nUaEMWm;Muro básico:interior 18:665331;0,004142;0,230104;0,004142
IfcWallStandardCase;Umblar de Bastidor este;3lCI5TGVr0lPld4nUaEMQc;Muro básico:interior 18:665701;0,003921;0,217830;0,003921
IfcWallStandardCase;Umblar de Bastidor este;3lCI5TGVr0lPld4nUaEMF6;Muro básico:interior 18:666885;0,003428;0,190419;0,003428
IfcWallStandardCase;Umblar de Bastidor este;1tgHqkfxHEbPVIsT6cvcqx;Muro básico:Tapa canto de aberturas:850557;0,000811;0,045045;0,000811
IfcWallStandardCase;Umblar de Bastidor este;1tgHqkfxHEbPVIsT6cvcmR;Muro básico:Tapa canto de aberturas:850781;0,000811;0,045045;0,000811
IfcWallStandardCase;Umblar de Bastidor este;31CVGmJljB$9y9FcpjqxyQ;Muro básico:Exterior chapa:740931;0,000519;0,028834;0,000519
IfcWallStandardCase;Umblar de Bastidor este;0Nh3lD4nDDtvccJ2iedGZz;Muro básico:Tapa canto de aberturas:763595;0,000320;0,017780;0,000320
IfcWallStandardCase;Umblar de Bastidor este;2JaWnKotn25hPqpg_MpqG0;Muro básico:Tapa canto de aberturas:840230;0,000320;0,017780;0,000320
